price,total_area,living_area,kitchen_area,distance_to_center,distance_to_metro,walkable_to_metro,is_brick,is_middle_floor,close_to_center,room_type
75,44.0,28.0,6.0,13.5,7.0,Yes,No,Yes,No,1-комнатная
88,55.0,36.0,6.0,9.0,5.0,Yes,Yes,No,No,1-комнатная
72,49.0,34.0,6.0,7.0,10.0,No,No,Yes,No,1-комнатная
79,51.0,34.0,6.0,13.5,5.0,Yes,No,Yes,No,1-комнатная
89,51.0,34.0,6.0,3.5,10.0,Yes,No,No,Yes,1-комнатная
97,53.0,34.0,6.0,9.0,5.0,Yes,No,Yes,No,1-комнатная
76,55.0,36.0,6.0,12.5,15.0,No,Yes,No,No,1-комнатная
82,51.0,35.0,6.0,12.5,5.0,Yes,No,Yes,No,1-комнатная
88,55.0,38.0,6.0,6.5,10.0,Yes,Yes,No,No,1-комнатная
74,51.0,35.0,6.0,13.5,10.0,Yes,No,No,No,1-комнатная
86,51.0,35.0,6.0,17.0,10.0,Yes,No,No,No,1-комнатная
78,51.0,34.0,6.0,13.5,10.0,Yes,Yes,Yes,No,1-комнатная
86,50.0,34.0,6.0,12.0,10.0,No,No,No,No,1-комнатная
90,51.0,35.0,6.0,7.0,3.0,Yes,No,Yes,No,1-комнатная
78,55.0,37.0,6.0,11.5,2.0,Yes,Yes,Yes,No,1-комнатная
80,55.0,41.0,5.0,11.5,3.0,Yes,Yes,Yes,No,1-комнатная
79,55.0,40.0,6.0,10.5,10.0,No,Yes,Yes,No,1-комнатная
75,51.0,34.0,6.0,9.0,5.0,No,No,No,No,1-комнатная
85,55.0,40.0,6.0,11.0,5.0,No,Yes,Yes,No,1-комнатная
73,54.0,37.0,6.0,14.5,10.0,Yes,No,Yes,No,1-комнатная
73,51.0,34.0,6.0,7.0,7.0,Yes,No,Yes,No,1-комнатная
100,55.0,38.0,6.0,3.5,5.0,Yes,Yes,No,Yes,1-комнатная
95,55.0,35.0,8.0,7.5,7.0,Yes,Yes,Yes,No,1-комнатная
72,52.0,35.0,6.0,13.5,10.0,No,No,Yes,No,1-комнатная
97,55.0,35.0,6.0,9.0,10.0,Yes,No,Yes,No,1-комнатная
80,50.0,34.0,6.0,12.0,5.0,No,No,No,No,1-комнатная
80,52.0,36.0,6.0,10.5,15.0,Yes,Yes,No,No,1-комнатная
88,51.0,35.0,6.0,10.5,3.0,Yes,No,Yes,No,1-комнатная
79,49.0,33.0,6.0,14.5,10.0,Yes,No,No,No,1-комнатная
87,55.0,38.0,5.0,6.5,5.0,Yes,Yes,Yes,No,1-комнатная
75,53.0,35.0,7.0,11.5,5.0,Yes,Yes,No,No,1-комнатная
90,55.0,35.0,6.0,14.5,5.0,No,No,Yes,No,1-комнатная
80,52.0,34.0,6.0,17.0,10.0,Yes,No,No,No,1-комнатная
77,50.0,34.0,6.0,13.5,2.0,Yes,No,Yes,No,1-комнатная
89,55.0,37.0,6.0,10.5,10.0,Yes,Yes,Yes,No,1-комнатная
85,55.0,42.0,6.0,14.5,5.0,Yes,Yes,Yes,No,1-комнатная
93,55.0,39.0,6.0,8.0,10.0,Yes,Yes,No,No,1-комнатная
98,54.0,36.0,5.0,3.5,12.0,Yes,Yes,Yes,Yes,1-комнатная
95,54.0,38.0,6.0,10.5,5.0,Yes,No,Yes,No,1-комнатная
81,53.0,34.0,6.0,13.0,15.0,Yes,No,No,No,1-комнатная
88,51.0,34.0,6.0,14.5,10.0,Yes,No,Yes,No,1-комнатная
75,55.0,36.0,6.0,14.5,7.0,No,Yes,No,No,1-комнатная
78,52.0,34.0,6.0,13.0,15.0,Yes,No,Yes,No,1-комнатная
86,55.0,40.0,5.0,7.0,2.0,No,No,Yes,No,1-комнатная
76,53.0,39.0,6.0,12.0,10.0,Yes,No,Yes,No,1-комнатная
75,51.0,36.0,6.0,17.0,5.0,No,No,Yes,No,1-комнатная
90,55.0,37.0,6.0,7.5,7.0,No,No,Yes,No,1-комнатная
97,55.0,35.0,6.0,9.0,7.0,No,No,Yes,No,1-комнатная
73,53.0,34.0,6.0,7.5,3.0,Yes,Yes,No,No,1-комнатная
79,54.0,35.0,5.0,12.5,10.0,No,Yes,Yes,No,1-комнатная
78,52.0,35.0,6.0,12.0,10.0,Yes,No,Yes,No,1-комнатная
73,51.0,34.0,6.0,12.0,7.0,Yes,No,No,No,1-комнатная
82,54.0,35.0,6.0,9.0,10.0,Yes,Yes,No,No,1-комнатная
73,51.0,34.0,6.0,13.5,10.0,Yes,No,Yes,No,1-комнатная
83,55.0,38.0,7.0,11.0,10.0,Yes,Yes,No,No,1-комнатная
74,51.0,35.0,6.0,13.5,10.0,Yes,No,No,No,1-комнатная
75,51.0,34.0,6.0,14.5,7.0,No,No,Yes,No,1-комнатная
80,50.0,34.0,6.0,11.5,10.0,Yes,No,Yes,No,1-комнатная
81,54.0,36.0,6.0,10.0,10.0,Yes,No,Yes,No,1-комнатная
83,52.0,34.0,6.0,14.5,10.0,No,No,No,No,1-комнатная
75,55.0,39.0,6.0,10.0,10.0,Yes,No,No,No,1-комнатная
78,51.0,33.0,6.0,7.0,7.0,Yes,No,Yes,No,1-комнатная
83,55.0,37.0,6.0,12.0,5.0,Yes,Yes,Yes,No,1-комнатная
79,51.0,34.0,6.0,13.5,10.0,Yes,No,Yes,No,1-комнатная
80,52.0,35.0,6.0,14.5,12.0,No,No,Yes,No,1-комнатная
79,52.0,37.0,6.0,12.0,7.0,No,No,No,No,1-комнатная
71,54.0,34.0,6.0,7.0,7.0,No,No,No,No,1-комнатная
78,51.0,34.0,6.0,13.0,5.0,No,No,Yes,No,1-комнатная
78,55.0,37.0,6.0,10.5,7.0,Yes,No,Yes,No,1-комнатная
70,52.0,34.0,6.0,12.0,10.0,Yes,No,No,No,1-комнатная
80,54.0,35.0,6.0,12.0,8.0,Yes,Yes,No,No,1-комнатная
90,55.0,36.0,6.0,12.5,10.0,Yes,No,Yes,No,1-комнатная
85,55.0,40.0,6.0,12.5,7.0,Yes,Yes,No,No,1-комнатная
73,54.0,35.0,5.0,10.5,3.0,Yes,Yes,No,No,1-комнатная
77,51.0,34.0,6.0,7.0,7.0,Yes,No,Yes,No,1-комнатная
82,55.0,36.0,6.0,10.0,7.0,Yes,No,No,No,1-комнатная
83,50.0,34.0,6.0,15.5,5.0,No,No,Yes,No,1-комнатная
85,55.0,35.0,6.0,12.0,10.0,Yes,No,Yes,No,1-комнатная
101,55.0,38.0,6.0,7.0,10.0,Yes,No,No,No,1-комнатная
80,51.0,34.0,6.0,13.5,15.0,No,No,Yes,No,1-комнатная
71,49.0,34.0,6.0,10.0,10.0,Yes,No,Yes,No,1-комнатная
89,51.0,34.0,6.0,13.5,10.0,No,No,Yes,No,1-комнатная
74,53.0,34.0,6.0,10.5,7.0,No,Yes,No,No,1-комнатная
86,53.0,36.0,7.0,11.5,5.0,Yes,No,No,No,1-комнатная
85,50.0,35.0,6.0,11.0,8.0,No,No,Yes,No,1-комнатная
77,55.0,38.0,6.0,7.5,10.0,Yes,No,No,No,1-комнатная
83,53.0,34.0,6.0,14.5,8.0,No,No,No,No,1-комнатная
90,54.0,42.0,6.0,17.0,10.0,Yes,No,Yes,No,1-комнатная
101,55.0,39.0,6.0,4.5,12.0,Yes,Yes,No,No,1-комнатная
75,55.0,36.0,6.0,11.5,10.0,Yes,Yes,Yes,No,1-комнатная
80,54.0,37.0,6.0,12.0,7.0,Yes,Yes,No,No,1-комнатная
79,51.0,34.0,6.0,12.0,7.0,No,No,Yes,No,1-комнатная
75,53.0,35.0,7.0,11.5,5.0,Yes,Yes,No,No,1-комнатная
83,51.0,34.0,6.0,15.5,3.0,Yes,No,Yes,No,1-комнатная
75,55.0,36.0,6.0,13.5,15.0,No,Yes,No,No,1-комнатная
73,50.0,35.0,7.0,17.0,5.0,Yes,No,No,No,1-комнатная
87,55.0,36.0,6.0,3.5,10.0,Yes,Yes,Yes,Yes,1-комнатная
85,55.0,38.0,6.0,10.5,5.0,No,Yes,No,No,1-комнатная
78,55.0,37.0,6.0,11.5,2.0,Yes,Yes,Yes,No,1-комнатная
70,50.0,32.0,5.0,11.5,7.0,No,Yes,No,No,1-комнатная
83,49.0,34.0,6.0,15.5,5.0,Yes,No,Yes,No,1-комнатная
95,54.0,36.0,5.0,3.5,15.0,Yes,Yes,Yes,Yes,1-комнатная
85,55.0,41.0,5.0,11.0,5.0,No,Yes,Yes,No,1-комнатная
72,54.0,35.0,6.0,13.5,10.0,Yes,No,Yes,No,1-комнатная
81,53.0,34.0,6.0,12.5,10.0,Yes,No,No,No,1-комнатная
75,54.0,36.0,6.0,10.0,7.0,Yes,No,Yes,No,1-комнатная
82,55.0,34.0,5.0,10.5,5.0,No,Yes,Yes,No,1-комнатная
85,53.0,34.0,6.0,10.5,3.0,Yes,No,Yes,No,1-комнатная
95,51.0,34.0,6.0,12.0,5.0,No,No,Yes,No,1-комнатная
87,54.0,34.0,6.0,17.0,1.0,Yes,No,Yes,No,1-комнатная
79,51.0,34.0,6.0,13.5,10.0,Yes,No,Yes,No,1-комнатная
86,54.0,36.0,6.0,9.0,15.0,No,Yes,No,No,1-комнатная
79,54.0,36.0,6.0,12.5,10.0,No,Yes,Yes,No,1-комнатная
85,55.0,35.0,6.0,10.5,5.0,No,Yes,No,No,1-комнатная
94,55.0,41.0,5.0,13.5,10.0,Yes,Yes,Yes,No,1-комнатная
83,53.0,34.0,6.0,12.5,15.0,Yes,No,Yes,No,1-комнатная
95,55.0,42.0,5.0,10.5,5.0,No,Yes,Yes,No,1-комнатная
73,51.0,34.0,6.0,12.0,7.0,Yes,No,No,No,1-комнатная
79,50.0,34.0,6.0,14.5,5.0,No,No,Yes,No,1-комнатная
72,50.0,34.0,7.0,17.0,10.0,Yes,No,Yes,No,1-комнатная
81,58.0,40.0,6.0,12.5,7.0,Yes,Yes,Yes,No,2-комнатная
95,61.0,37.0,6.0,13.5,7.0,Yes,No,Yes,No,2-комнатная
98,59.0,39.0,6.0,7.5,10.0,No,No,Yes,No,2-комнатная
84,63.0,44.0,7.0,14.5,10.0,No,No,Yes,No,2-комнатная
96,60.0,43.0,6.0,12.0,15.0,Yes,No,Yes,No,2-комнатная
125,62.0,40.0,8.0,12.5,5.0,Yes,No,Yes,No,2-комнатная
95,58.0,38.0,6.0,12.0,8.0,Yes,No,Yes,No,2-комнатная
92,61.0,33.0,7.0,10.5,10.0,Yes,Yes,No,No,2-комнатная
88,60.0,43.0,6.0,12.0,5.0,No,No,No,No,2-комнатная
90,58.0,43.0,6.0,13.5,2.0,Yes,No,Yes,No,2-комнатная
110,65.0,46.0,7.0,12.5,5.0,Yes,No,Yes,No,2-комнатная
102,60.0,43.0,6.0,12.0,5.0,No,Yes,Yes,No,2-комнатная
86,60.0,42.0,7.0,12.0,10.0,No,No,Yes,No,2-комнатная
87,64.0,46.0,7.0,12.0,5.0,Yes,No,Yes,No,2-комнатная
89,62.0,38.0,9.0,13.0,4.0,No,No,No,No,2-комнатная
100,57.0,42.0,6.0,11.0,10.0,Yes,Yes,Yes,No,2-комнатная
85,59.0,45.0,6.0,12.0,5.0,Yes,No,Yes,No,2-комнатная
95,64.0,45.0,6.0,12.5,10.0,Yes,No,No,No,2-комнатная
90,60.0,45.0,6.0,13.5,5.0,Yes,No,Yes,No,2-комнатная
99,65.0,40.0,8.0,17.0,12.0,Yes,No,No,No,2-комнатная
105,57.0,42.0,6.0,3.0,15.0,Yes,Yes,Yes,Yes,2-комнатная
94,64.0,45.0,7.0,12.5,12.0,Yes,No,Yes,No,2-комнатная
84,58.0,43.0,5.0,12.0,15.0,Yes,Yes,No,No,2-комнатная
74,60.0,43.0,6.0,13.5,5.0,No,No,No,No,2-комнатная
125,62.0,42.0,10.0,12.0,10.0,Yes,No,Yes,No,2-комнатная
105,57.0,40.0,6.0,4.5,5.0,Yes,Yes,Yes,No,2-комнатная
120,56.0,42.0,6.0,12.0,5.0,Yes,Yes,Yes,No,2-комнатная
95,64.0,39.0,8.0,12.0,15.0,Yes,No,Yes,No,2-комнатная
82,56.0,39.0,5.0,10.5,5.0,No,Yes,Yes,No,2-комнатная
87,60.0,43.0,6.0,12.0,7.0,No,No,Yes,No,2-комнатная
90,58.0,43.0,6.0,17.0,10.0,Yes,No,Yes,No,2-комнатная
105,57.0,44.0,6.0,9.0,5.0,Yes,Yes,No,No,2-комнатная
106,58.0,44.0,6.0,7.0,10.0,No,No,No,No,2-комнатная
92,64.0,39.0,8.0,12.0,7.0,No,No,Yes,No,2-комнатная
105,56.0,42.0,6.0,3.0,15.0,Yes,Yes,Yes,Yes,2-комнатная
94,59.0,43.0,5.0,14.5,5.0,No,No,Yes,No,2-комнатная
90,56.0,41.0,5.0,6.0,15.0,Yes,Yes,Yes,No,2-комнатная
95,58.0,42.0,6.0,7.5,15.0,Yes,Yes,Yes,No,2-комнатная
95,65.0,47.0,9.0,13.5,7.0,Yes,No,Yes,No,2-комнатная
103,60.0,43.0,6.0,12.5,5.0,Yes,No,Yes,No,2-комнатная
84,60.0,44.0,6.0,13.5,7.0,No,No,Yes,No,2-комнатная
112,65.0,40.0,8.0,17.0,5.0,Yes,No,No,No,2-комнатная
110,65.0,43.0,7.0,12.0,10.0,No,No,Yes,No,2-комнатная
80,60.0,44.0,6.0,13.5,10.0,No,No,Yes,No,2-комнатная
115,58.0,41.0,5.0,7.5,7.0,Yes,Yes,No,No,2-комнатная
80,58.0,43.0,6.0,10.0,10.0,Yes,Yes,Yes,No,2-комнатная
88,59.0,44.0,6.0,13.5,10.0,Yes,No,Yes,No,2-комнатная
85,60.0,43.0,6.0,14.5,6.0,No,No,Yes,No,2-комнатная
89,61.0,44.0,6.0,12.5,10.0,Yes,No,Yes,No,2-комнатная
81,56.0,39.0,6.0,11.5,10.0,Yes,No,Yes,No,2-комнатная
106,58.0,42.0,6.0,12.0,5.0,Yes,Yes,Yes,No,2-комнатная
120,63.0,43.0,9.0,12.0,1.0,Yes,No,No,No,2-комнатная
85,64.0,45.0,7.0,15.5,10.0,Yes,No,No,No,2-комнатная
105,58.0,44.0,5.0,17.0,2.0,Yes,Yes,Yes,No,2-комнатная
130,56.0,41.0,6.0,9.0,5.0,Yes,Yes,No,No,2-комнатная
86,59.0,43.0,6.0,17.0,5.0,Yes,No,Yes,No,2-комнатная
105,60.0,41.0,8.0,4.5,10.0,Yes,Yes,No,No,2-комнатная
100,65.0,46.0,6.0,15.5,7.0,Yes,No,Yes,No,2-комнатная
95,60.0,43.0,6.0,14.5,10.0,Yes,No,Yes,No,2-комнатная
110,58.0,43.0,6.0,14.5,10.0,Yes,Yes,Yes,No,2-комнатная
92,63.0,39.0,8.0,15.5,5.0,Yes,No,Yes,No,2-комнатная
93,60.0,38.0,8.0,12.0,5.0,Yes,No,Yes,No,2-комнатная
89,60.0,44.0,6.0,14.5,7.0,Yes,Yes,Yes,No,2-комнатная
95,64.0,40.0,8.0,15.5,15.0,Yes,No,Yes,No,2-комнатная
95,64.0,45.0,6.0,14.5,10.0,Yes,No,Yes,No,2-комнатная
105,65.0,39.0,11.0,12.0,5.0,No,No,Yes,No,2-комнатная
73,61.0,41.0,6.0,13.0,10.0,No,No,No,No,2-комнатная
95,64.0,45.0,7.0,12.5,10.0,Yes,No,Yes,No,2-комнатная
108,65.0,40.0,8.0,17.0,5.0,Yes,No,Yes,No,2-комнатная
92,60.0,45.0,6.0,9.0,7.0,No,Yes,Yes,No,2-комнатная
90,57.0,38.0,6.0,7.5,6.0,Yes,Yes,No,No,2-комнатная
93,62.0,37.0,8.0,12.5,10.0,Yes,No,Yes,No,2-комнатная
90,57.0,43.0,6.0,12.0,5.0,Yes,Yes,Yes,No,2-комнатная
84,58.0,43.0,5.0,12.0,15.0,Yes,Yes,No,No,2-комнатная
80,56.0,38.0,6.0,7.0,10.0,Yes,No,Yes,No,2-комнатная
115,57.0,42.0,6.0,10.5,4.0,No,Yes,Yes,No,2-комнатная
82,57.0,46.0,6.0,12.0,10.0,Yes,Yes,Yes,No,2-комнатная
90,61.0,49.0,6.0,12.0,10.0,Yes,No,Yes,No,2-комнатная
115,63.0,40.0,8.0,12.5,10.0,No,No,Yes,No,2-комнатная
93,59.0,44.0,6.0,7.0,5.0,No,No,No,No,2-комнатная
86,56.0,39.0,6.0,12.5,10.0,No,No,Yes,No,2-комнатная
103,64.0,40.0,8.0,17.0,5.0,Yes,No,Yes,No,2-комнатная
85,59.0,43.0,6.0,13.5,15.0,No,No,Yes,No,2-комнатная
88,60.0,44.0,10.0,12.0,10.0,No,No,No,No,2-комнатная
91,60.0,44.0,6.0,12.0,10.0,Yes,Yes,Yes,No,2-комнатная
85,58.0,39.0,6.0,10.0,7.0,No,No,Yes,No,2-комнатная
88,56.0,36.0,6.0,17.0,10.0,No,No,Yes,No,2-комнатная
98,56.0,33.0,6.0,8.0,10.0,Yes,No,No,No,2-комнатная
85,60.0,44.0,6.0,7.0,7.0,Yes,No,Yes,No,2-комнатная
125,64.0,44.0,9.0,12.0,12.0,Yes,No,Yes,No,2-комнатная
100,65.0,39.0,9.0,17.0,10.0,Yes,No,Yes,No,2-комнатная
93,64.0,41.0,7.0,14.5,3.0,Yes,No,Yes,No,2-комнатная
100,58.0,42.0,5.0,12.0,10.0,No,Yes,Yes,No,2-комнатная
78,59.0,42.0,6.0,12.5,10.0,No,No,No,No,2-комнатная
102,65.0,44.0,7.0,13.5,10.0,Yes,No,Yes,No,2-комнатная
94,65.0,45.0,7.0,14.5,10.0,Yes,No,No,No,2-комнатная
110,63.0,45.0,7.0,13.5,10.0,Yes,No,Yes,No,2-комнатная
97,57.0,42.0,6.0,13.5,5.0,No,Yes,Yes,No,2-комнатная
103,63.0,38.0,8.0,10.5,10.0,No,No,Yes,No,2-комнатная
85,59.0,44.0,6.0,9.0,5.0,No,No,Yes,No,2-комнатная
100,63.0,42.0,7.0,13.5,15.0,Yes,Yes,Yes,No,2-комнатная
88,61.0,42.0,6.0,12.5,5.0,Yes,No,Yes,No,2-комнатная
92,64.0,38.0,8.0,10.5,15.0,Yes,No,No,No,2-комнатная
90,65.0,45.0,7.0,12.0,7.0,Yes,No,Yes,No,2-комнатная
83,58.0,38.0,6.0,12.5,10.0,Yes,No,No,No,2-комнатная
110,65.0,41.0,11.0,12.5,15.0,Yes,Yes,Yes,No,2-комнатная
103,64.0,45.0,6.0,17.0,5.0,Yes,No,Yes,No,2-комнатная
85,60.0,38.0,6.0,17.0,7.0,Yes,No,No,No,2-комнатная
95,65.0,39.0,8.0,12.0,15.0,Yes,No,Yes,No,2-комнатная
108,64.0,40.0,9.0,12.0,10.0,No,Yes,Yes,No,2-комнатная
84,59.0,45.0,5.0,10.0,15.0,Yes,No,Yes,No,2-комнатная
95,63.0,39.0,8.0,14.5,15.0,Yes,No,Yes,No,2-комнатная
105,63.0,44.0,7.0,17.0,3.0,Yes,No,Yes,No,2-комнатная
96,64.0,41.0,9.0,13.5,12.0,Yes,No,Yes,No,2-комнатная
85,65.0,43.0,10.0,12.0,5.0,No,No,Yes,No,2-комнатная
85,57.0,37.0,5.0,12.0,7.0,No,No,Yes,No,2-комнатная
87,57.0,45.0,6.0,12.0,15.0,Yes,No,Yes,No,2-комнатная
84,60.0,43.0,6.0,12.0,10.0,Yes,No,Yes,No,2-комнатная
93,61.0,43.0,6.0,14.5,7.0,No,No,Yes,No,2-комнатная
84,59.0,38.0,6.0,7.0,10.0,Yes,No,Yes,No,2-комнатная
105,60.0,35.0,8.0,11.0,5.0,Yes,Yes,Yes,No,2-комнатная
78,57.0,37.0,6.0,13.5,10.0,Yes,No,Yes,No,2-комнатная
86,56.0,42.0,5.0,6.5,5.0,Yes,Yes,No,No,2-комнатная
93,64.0,45.0,7.0,13.5,7.0,No,No,Yes,No,2-комнатная
92,60.0,41.0,6.0,14.5,7.0,Yes,No,No,No,2-комнатная
115,62.0,38.0,9.0,17.0,7.0,Yes,No,No,No,2-комнатная
83,61.0,38.0,6.0,13.0,10.0,No,No,No,No,2-комнатная
105,64.0,45.0,6.0,13.5,7.0,Yes,No,Yes,No,2-комнатная
120,57.0,43.0,6.0,8.0,5.0,Yes,Yes,No,No,2-комнатная
88,64.0,46.0,7.0,17.0,15.0,Yes,No,No,No,2-комнатная
86,61.0,42.0,6.0,12.0,7.0,No,Yes,Yes,No,2-комнатная
85,59.0,40.0,6.0,10.0,5.0,No,No,Yes,No,2-комнатная
84,60.0,45.0,6.0,13.5,7.0,No,No,Yes,No,2-комнатная
87,61.0,43.0,6.0,12.0,15.0,Yes,No,Yes,No,2-комнатная
78,58.0,44.0,6.0,7.0,7.0,Yes,No,No,No,2-комнатная
87,58.0,33.0,5.0,11.5,5.0,Yes,No,Yes,No,2-комнатная
80,56.0,37.0,6.0,10.0,1.0,Yes,No,No,No,2-комнатная
90,56.0,40.0,5.0,12.5,5.0,Yes,Yes,Yes,No,2-комнатная
84,59.0,46.0,6.0,10.0,15.0,Yes,No,Yes,No,2-комнатная
112,63.0,35.0,8.0,11.0,7.0,Yes,No,Yes,No,2-комнатная
129,59.0,41.0,6.0,9.0,5.0,Yes,Yes,No,No,2-комнатная
86,56.0,42.0,5.0,6.5,5.0,Yes,Yes,No,No,2-комнатная
78,63.0,47.0,6.0,13.5,5.0,No,Yes,Yes,No,2-комнатная
77,56.0,38.0,6.0,13.5,10.0,No,Yes,No,No,2-комнатная
89,60.0,43.0,6.0,15.5,5.0,Yes,Yes,Yes,No,2-комнатная
115,64.0,44.0,7.0,12.0,5.0,No,No,Yes,No,2-комнатная
84,59.0,44.0,6.0,12.0,10.0,Yes,No,Yes,No,2-комнатная
79,60.0,44.0,6.0,15.5,15.0,Yes,No,No,No,2-комнатная
115,60.0,39.0,6.0,4.5,10.0,Yes,No,Yes,No,2-комнатная
98,64.0,42.0,7.0,14.5,5.0,No,No,Yes,No,2-комнатная
83,64.0,42.0,9.0,17.0,10.0,No,No,No,No,2-комнатная
105,56.0,43.0,6.0,3.0,10.0,Yes,Yes,Yes,Yes,2-комнатная
107,65.0,39.0,8.0,12.5,20.0,Yes,No,Yes,No,2-комнатная
95,64.0,45.0,6.0,12.5,10.0,Yes,No,Yes,No,2-комнатная
85,58.0,43.0,5.0,7.0,10.0,No,No,Yes,No,2-комнатная
87,58.0,40.0,6.0,6.5,5.0,Yes,No,No,No,2-комнатная
86,58.0,38.0,8.0,11.5,7.0,Yes,No,Yes,No,2-комнатная
85,65.0,43.0,5.0,7.5,5.0,Yes,Yes,Yes,No,2-комнатная
78,58.0,37.0,6.0,12.0,10.0,No,No,Yes,No,2-комнатная
99,63.0,38.0,8.0,10.5,5.0,Yes,No,No,No,2-комнатная
85,60.0,43.0,6.0,12.0,5.0,Yes,No,Yes,No,2-комнатная
85,61.0,45.0,6.0,13.5,15.0,Yes,No,Yes,No,2-комнатная
99,62.0,39.0,8.0,17.0,10.0,Yes,No,Yes,No,2-комнатная
110,59.0,38.0,8.0,14.5,5.0,No,No,Yes,No,2-комнатная
105,65.0,39.0,8.0,12.0,5.0,No,No,Yes,No,2-комнатная
95,65.0,45.0,7.0,14.5,12.0,Yes,No,Yes,No,2-комнатная
110,65.0,45.0,11.0,7.0,7.0,Yes,No,Yes,No,2-комнатная
96,60.0,38.0,6.0,12.0,5.0,No,No,Yes,No,2-комнатная
87,58.0,37.0,7.0,13.5,15.0,No,No,Yes,No,2-комнатная
85,59.0,38.0,6.0,13.5,10.0,Yes,No,Yes,No,2-комнатная
90,60.0,43.0,6.0,13.5,5.0,No,No,No,No,2-комнатная
100,57.0,40.0,6.0,8.0,5.0,Yes,No,Yes,No,2-комнатная
99,63.0,43.0,9.0,13.5,7.0,No,No,Yes,No,2-комнатная
120,60.0,37.0,8.0,12.0,8.0,No,No,Yes,No,2-комнатная
118,63.0,37.0,8.0,14.5,5.0,Yes,No,Yes,No,2-комнатная
90,61.0,45.0,6.0,13.5,15.0,Yes,No,Yes,No,2-комнатная
80,60.0,44.0,6.0,13.5,5.0,Yes,No,Yes,No,2-комнатная
112,63.0,45.0,7.0,13.5,7.0,No,No,Yes,No,2-комнатная
94,65.0,40.0,8.0,14.5,15.0,Yes,No,Yes,No,2-комнатная
87,63.0,42.0,7.0,13.5,7.0,Yes,No,Yes,No,2-комнатная
95,60.0,44.0,6.0,12.0,10.0,Yes,No,No,No,2-комнатная
82,59.0,45.0,6.0,10.0,7.0,Yes,Yes,No,No,2-комнатная
94,64.0,43.0,9.0,12.0,7.0,Yes,No,Yes,No,2-комнатная
77,60.0,44.0,6.0,13.0,15.0,Yes,No,No,No,2-комнатная
108,58.0,41.0,6.0,9.0,3.0,Yes,Yes,Yes,No,2-комнатная
85,57.0,42.0,6.0,7.5,15.0,Yes,Yes,Yes,No,2-комнатная
110,60.0,41.0,6.0,12.0,10.0,Yes,No,Yes,No,2-комнатная
90,60.0,43.0,6.0,12.0,5.0,No,No,Yes,No,2-комнатная
120,65.0,44.0,8.0,9.0,5.0,Yes,No,Yes,No,2-комнатная
93,63.0,40.0,8.0,11.0,12.0,Yes,No,Yes,No,2-комнатная
77,61.0,45.0,6.0,13.5,5.0,No,No,No,No,2-комнатная
89,60.0,44.0,6.0,10.5,3.0,Yes,No,Yes,No,2-комнатная
95,64.0,39.0,8.0,12.5,10.0,Yes,No,No,No,2-комнатная
85,57.0,37.0,5.0,12.0,7.0,No,No,Yes,No,2-комнатная
87,56.0,35.0,6.0,12.0,7.0,Yes,No,Yes,No,2-комнатная
80,61.0,44.0,7.0,12.0,5.0,No,No,Yes,No,2-комнатная
89,60.0,45.0,6.0,13.5,10.0,No,No,Yes,No,2-комнатная
90,57.0,40.0,5.0,13.5,10.0,Yes,Yes,Yes,No,2-комнатная
94,61.0,38.0,9.0,12.0,5.0,No,No,Yes,No,2-комнатная
90,60.0,40.0,7.0,13.5,9.0,Yes,No,Yes,No,2-комнатная
82,61.0,40.0,6.0,13.5,10.0,No,No,Yes,No,2-комнатная
97,56.0,43.0,5.0,6.5,7.0,Yes,Yes,Yes,No,2-комнатная
92,59.0,41.0,6.0,11.0,10.0,Yes,Yes,Yes,No,2-комнатная
80,58.0,38.0,7.0,13.5,5.0,No,No,Yes,No,2-комнатная
110,65.0,45.0,7.0,13.5,7.0,Yes,No,Yes,No,2-комнатная
96,60.0,45.0,6.0,15.5,5.0,Yes,No,Yes,No,2-комнатная
75,65.0,45.0,7.0,14.5,10.0,No,No,Yes,No,2-комнатная
87,64.0,45.0,9.0,15.5,12.0,Yes,No,No,No,2-комнатная
120,64.0,46.0,6.0,7.0,3.0,Yes,No,Yes,No,2-комнатная
107,64.0,44.0,9.0,15.5,5.0,Yes,No,Yes,No,2-комнатная
112,60.0,39.0,6.0,3.5,3.0,Yes,No,Yes,Yes,2-комнатная
94,60.0,44.0,6.0,15.5,5.0,Yes,No,Yes,No,2-комнатная
115,64.0,45.0,7.0,13.5,5.0,Yes,No,Yes,No,2-комнатная
77,60.0,43.0,6.0,12.0,6.0,No,No,Yes,No,2-комнатная
96,65.0,45.0,7.0,12.5,15.0,Yes,Yes,Yes,No,2-комнатная
85,58.0,45.0,6.0,10.0,3.0,Yes,No,Yes,No,2-комнатная
85,59.0,42.0,6.0,10.5,7.0,No,No,No,No,2-комнатная
80,58.0,38.0,6.0,7.0,10.0,Yes,No,Yes,No,2-комнатная
94,61.0,44.0,6.0,12.5,3.0,Yes,No,Yes,No,2-комнатная
94,65.0,45.0,7.0,17.0,10.0,Yes,No,No,No,2-комнатная
130,56.0,40.0,5.0,3.5,10.0,Yes,Yes,No,Yes,2-комнатная
100,57.0,43.0,5.0,11.5,10.0,Yes,Yes,Yes,No,2-комнатная
87,61.0,43.0,6.0,12.0,15.0,Yes,No,Yes,No,2-комнатная
94,62.0,38.0,8.0,17.0,3.0,Yes,No,Yes,No,2-комнатная
115,61.0,42.0,5.0,3.5,10.0,Yes,Yes,No,Yes,2-комнатная
85,60.0,43.0,10.0,13.0,7.0,No,No,No,No,2-комнатная
87,56.0,37.0,6.0,7.0,7.0,No,No,Yes,No,2-комнатная
87,58.0,45.0,5.0,10.0,3.0,Yes,No,Yes,No,2-комнатная
92,60.0,44.0,6.0,12.5,15.0,Yes,No,No,No,2-комнатная
95,61.0,43.0,6.0,14.5,5.0,Yes,No,Yes,No,2-комнатная
92,63.0,38.0,8.0,12.0,10.0,No,No,Yes,No,2-комнатная
96,60.0,45.0,6.0,12.0,10.0,Yes,No,Yes,No,2-комнатная
93,59.0,38.0,6.0,13.5,7.0,Yes,No,No,No,2-комнатная
103,64.0,40.0,8.0,10.5,10.0,No,No,No,No,2-комнатная
94,63.0,38.0,8.0,17.0,12.0,Yes,No,No,No,2-комнатная
98,60.0,44.0,6.0,14.5,15.0,Yes,No,Yes,No,2-комнатная
99,65.0,44.0,7.0,10.5,5.0,Yes,No,Yes,No,2-комнатная
87,63.0,45.0,6.0,10.0,10.0,Yes,No,No,No,2-комнатная
89,59.0,38.0,6.0,12.0,15.0,Yes,No,Yes,No,2-комнатная
93,59.0,44.0,5.0,14.5,10.0,Yes,No,Yes,No,2-комнатная
87,58.0,38.0,6.0,12.0,15.0,Yes,No,No,No,2-комнатная
85,61.0,45.0,6.0,13.5,15.0,Yes,No,Yes,No,2-комнатная
80,56.0,37.0,6.0,12.0,10.0,Yes,Yes,No,No,2-комнатная
87,59.0,44.0,6.0,13.5,10.0,Yes,No,Yes,No,2-комнатная
108,64.0,43.0,9.0,3.5,10.0,No,No,No,Yes,2-комнатная
100,60.0,39.0,9.0,15.5,10.0,Yes,No,Yes,No,2-комнатная
80,59.0,39.0,6.0,8.0,15.0,No,No,Yes,No,2-комнатная
130,60.0,42.0,7.0,9.0,10.0,Yes,Yes,No,No,2-комнатная
102,58.0,41.0,6.0,11.0,5.0,Yes,Yes,Yes,No,2-комнатная
89,58.0,42.0,6.0,9.0,10.0,No,No,No,No,2-комнатная
89,64.0,39.0,8.0,14.5,5.0,No,No,No,No,2-комнатная
92,60.0,45.0,6.0,15.5,5.0,Yes,No,Yes,No,2-комнатная
101,65.0,44.0,8.0,11.5,7.0,Yes,No,Yes,No,2-комнатная
120,64.0,43.0,7.0,9.0,5.0,No,No,Yes,No,2-комнатная
77,59.0,38.0,6.0,12.0,10.0,No,Yes,No,No,2-комнатная
87,60.0,43.0,6.0,12.0,5.0,No,No,Yes,No,2-комнатная
79,57.0,43.0,6.0,10.5,10.0,No,Yes,Yes,No,2-комнатная
102,65.0,44.0,7.0,15.5,5.0,Yes,No,Yes,No,2-комнатная
90,63.0,44.0,6.0,17.0,5.0,Yes,No,Yes,No,2-комнатная
95,63.0,39.0,8.0,17.0,1.0,Yes,No,Yes,No,2-комнатная
78,56.0,39.0,6.0,12.0,5.0,Yes,Yes,No,No,2-комнатная
86,58.0,38.0,6.0,11.5,7.0,Yes,No,Yes,No,2-комнатная
107,57.0,41.0,6.0,12.5,10.0,Yes,Yes,Yes,No,2-комнатная
80,60.0,45.0,6.0,13.5,5.0,No,No,Yes,No,2-комнатная
93,58.0,42.0,6.0,12.0,5.0,No,Yes,No,No,2-комнатная
98,64.0,43.0,7.0,12.0,15.0,Yes,No,Yes,No,2-комнатная
82,60.0,41.0,6.0,11.5,5.0,Yes,Yes,Yes,No,2-комнатная
87,60.0,43.0,6.0,13.5,10.0,No,No,Yes,No,2-комнатная
99,60.0,44.0,6.0,12.5,10.0,Yes,No,Yes,No,2-комнатная
93,59.0,39.0,6.0,15.5,10.0,Yes,No,Yes,No,2-комнатная
83,56.0,37.0,6.0,10.0,15.0,Yes,No,Yes,No,2-комнатная
110,57.0,40.0,5.0,7.5,7.0,Yes,Yes,No,No,2-комнатная
105,64.0,40.0,7.0,7.0,10.0,Yes,No,No,No,2-комнатная
95,65.0,46.0,8.0,13.5,7.0,No,No,No,No,2-комнатная
115,57.0,38.0,8.0,12.0,5.0,Yes,No,Yes,No,2-комнатная
94,64.0,45.0,7.0,14.5,3.0,Yes,No,Yes,No,2-комнатная
100,65.0,39.0,8.0,14.5,10.0,No,No,Yes,No,2-комнатная
105,65.0,40.0,7.0,17.0,10.0,Yes,No,No,No,2-комнатная
92,57.0,40.0,6.0,12.5,2.0,Yes,Yes,Yes,No,2-комнатная
92,61.0,44.0,6.0,12.5,5.0,Yes,No,Yes,No,2-комнатная
128,57.0,38.0,6.0,9.0,5.0,Yes,Yes,Yes,No,2-комнатная
92,58.0,42.0,6.0,13.5,7.0,Yes,Yes,Yes,No,2-комнатная
120,65.0,38.0,7.0,11.0,10.0,Yes,Yes,Yes,No,2-комнатная
85,56.0,42.0,6.0,12.0,10.0,Yes,Yes,Yes,No,2-комнатная
99,58.0,39.0,7.0,7.5,5.0,Yes,No,Yes,No,2-комнатная
105,61.0,38.0,8.0,17.0,5.0,Yes,No,No,No,2-комнатная
85,60.0,38.0,6.0,17.0,7.0,Yes,No,No,No,2-комнатная
98,58.0,42.0,6.0,12.0,10.0,Yes,Yes,Yes,No,2-комнатная
80,58.0,43.0,5.0,7.0,7.0,Yes,No,Yes,No,2-комнатная
91,60.0,45.0,6.0,10.5,5.0,No,No,Yes,No,2-комнатная
108,56.0,41.0,6.0,3.5,5.0,Yes,Yes,No,Yes,2-комнатная
82,60.0,42.0,6.0,12.5,10.0,Yes,No,No,No,2-комнатная
120,64.0,43.0,6.0,11.5,2.0,Yes,Yes,Yes,No,2-комнатная
95,65.0,45.0,7.0,15.5,7.0,Yes,No,Yes,No,2-комнатная
85,61.0,45.0,6.0,13.5,10.0,Yes,No,Yes,No,2-комнатная
105,61.0,40.0,8.0,12.0,3.0,Yes,No,Yes,No,2-комнатная
113,63.0,42.0,9.0,7.0,5.0,No,No,Yes,No,2-комнатная
99,58.0,44.0,6.0,10.5,10.0,Yes,No,Yes,No,2-комнатная
72,60.0,42.0,6.0,11.5,10.0,No,Yes,No,No,2-комнатная
87,56.0,37.0,6.0,7.0,7.0,No,Yes,Yes,No,2-комнатная
88,60.0,42.0,6.0,11.0,10.0,Yes,Yes,Yes,No,2-комнатная
85,57.0,40.0,6.0,14.5,10.0,No,Yes,Yes,No,2-комнатная
83,60.0,44.0,6.0,17.0,10.0,Yes,No,Yes,No,2-комнатная
98,63.0,39.0,7.0,14.5,10.0,No,No,No,No,2-комнатная
95,64.0,45.0,7.0,14.5,10.0,Yes,No,Yes,No,2-комнатная
130,64.0,35.0,6.0,9.0,1.0,Yes,Yes,Yes,No,2-комнатная
92,63.0,39.0,8.0,14.5,5.0,No,No,No,No,2-комнатная
81,56.0,41.0,5.0,6.0,10.0,No,Yes,Yes,No,2-комнатная
85,58.0,39.0,7.0,7.0,5.0,Yes,No,Yes,No,2-комнатная
115,64.0,45.0,7.0,13.5,7.0,Yes,No,Yes,No,2-комнатная
85,60.0,43.0,7.0,12.0,5.0,No,No,Yes,No,2-комнатная
97,58.0,42.0,5.0,12.5,15.0,Yes,Yes,Yes,No,2-комнатная
90,65.0,46.0,7.0,14.5,5.0,Yes,No,Yes,No,2-комнатная
88,60.0,44.0,6.0,17.0,7.0,No,No,Yes,No,2-комнатная
115,65.0,45.0,6.0,13.5,7.0,Yes,No,Yes,No,2-комнатная
110,60.0,40.0,7.0,9.0,7.0,No,Yes,Yes,No,2-комнатная
94,61.0,44.0,6.0,12.5,10.0,Yes,No,Yes,No,2-комнатная
75,56.0,38.0,6.0,10.0,7.0,Yes,No,Yes,No,2-комнатная
99,65.0,46.0,6.0,17.0,7.0,Yes,No,Yes,No,2-комнатная
95,61.0,38.0,8.0,11.5,7.0,Yes,No,Yes,No,2-комнатная
86,58.0,44.0,6.0,17.0,5.0,Yes,No,Yes,No,2-комнатная
105,63.0,39.0,8.0,12.5,10.0,Yes,No,Yes,No,2-комнатная
98,65.0,44.0,9.0,14.5,7.0,No,No,Yes,No,2-комнатная
112,65.0,44.0,9.0,13.5,1.0,Yes,No,No,No,2-комнатная
88,63.0,37.0,8.0,13.0,5.0,No,No,Yes,No,2-комнатная
85,58.0,41.0,7.0,14.5,10.0,No,No,Yes,No,2-комнатная
85,58.0,37.0,6.0,13.5,15.0,No,No,Yes,No,2-комнатная
81,59.0,42.0,6.0,12.0,10.0,Yes,Yes,Yes,No,2-комнатная
94,64.0,45.0,6.0,12.5,12.0,Yes,No,Yes,No,2-комнатная
100,64.0,41.0,7.0,12.0,5.0,Yes,No,Yes,No,2-комнатная
95,62.0,43.0,7.0,12.0,7.0,Yes,No,Yes,No,2-комнатная
86,56.0,34.0,7.0,7.5,10.0,No,No,No,No,2-комнатная
93,65.0,39.0,8.0,12.5,7.0,No,No,Yes,No,2-комнатная
98,64.0,43.0,7.0,17.0,5.0,No,No,Yes,No,2-комнатная
79,58.0,41.0,6.0,12.5,5.0,No,No,No,No,2-комнатная
127,65.0,43.0,7.0,9.0,5.0,No,No,Yes,No,2-комнатная
86,58.0,43.0,6.0,17.0,5.0,Yes,No,Yes,No,2-комнатная
99,62.0,45.0,6.0,13.5,10.0,Yes,No,Yes,No,2-комнатная
94,64.0,45.0,6.0,17.0,15.0,Yes,No,Yes,No,2-комнатная
92,63.0,38.0,8.0,12.0,10.0,No,No,Yes,No,2-комнатная
93,57.0,43.0,5.0,12.5,15.0,Yes,Yes,Yes,No,2-комнатная
95,63.0,39.0,8.0,12.0,10.0,Yes,No,Yes,No,2-комнатная
89,64.0,45.0,6.0,12.5,15.0,Yes,No,Yes,No,2-комнатная
96,60.0,43.0,6.0,13.5,10.0,Yes,No,Yes,No,2-комнатная
96,60.0,45.0,6.0,10.5,15.0,Yes,No,Yes,No,2-комнатная
96,60.0,45.0,6.0,12.0,5.0,No,No,Yes,No,2-комнатная
107,56.0,32.0,5.0,7.5,7.0,Yes,Yes,No,No,2-комнатная
88,60.0,44.0,6.0,12.0,10.0,No,No,No,No,2-комнатная
89,60.0,38.0,6.0,13.5,7.0,Yes,No,Yes,No,2-комнатная
84,60.0,45.0,6.0,13.5,7.0,No,No,Yes,No,2-комнатная
70,58.0,41.0,6.0,14.5,10.0,No,Yes,Yes,No,2-комнатная
130,65.0,44.0,9.0,9.0,5.0,Yes,No,Yes,No,2-комнатная
91,60.0,44.0,6.0,14.5,7.0,Yes,No,Yes,No,2-комнатная
83,60.0,38.0,9.0,12.0,10.0,Yes,No,No,No,2-комнатная
85,57.0,39.0,6.0,11.5,7.0,Yes,No,No,No,2-комнатная
85,58.0,40.0,5.0,14.5,10.0,No,Yes,Yes,No,2-комнатная
99,57.0,42.0,6.0,6.5,7.0,Yes,Yes,Yes,No,2-комнатная
87,58.0,44.0,5.0,10.5,5.0,Yes,No,Yes,No,2-комнатная
130,56.0,42.0,7.0,14.5,3.0,Yes,Yes,Yes,No,2-комнатная
103,64.0,45.0,7.0,13.5,15.0,Yes,No,Yes,No,2-комнатная
85,60.0,40.0,7.0,12.0,5.0,No,No,Yes,No,2-комнатная
90,59.0,45.0,6.0,12.0,5.0,No,No,No,No,2-комнатная
72,64.0,43.0,7.0,6.0,7.0,Yes,No,Yes,No,2-комнатная
85,60.0,43.0,6.0,12.0,5.0,Yes,Yes,Yes,No,2-комнатная
97,64.0,45.0,7.0,13.5,10.0,Yes,No,Yes,No,2-комнатная
89,65.0,40.0,8.0,13.0,7.0,No,No,Yes,No,2-комнатная
93,60.0,43.0,6.0,17.0,15.0,No,No,Yes,No,2-комнатная
110,60.0,37.0,9.0,12.5,7.0,Yes,No,Yes,No,2-комнатная
115,64.0,38.0,8.0,14.5,7.0,Yes,No,Yes,No,2-комнатная
84,58.0,43.0,6.0,14.5,5.0,No,No,Yes,No,2-комнатная
80,56.0,44.0,6.0,11.0,8.0,Yes,Yes,No,No,2-комнатная
90,58.0,42.0,6.0,10.5,15.0,Yes,Yes,Yes,No,2-комнатная
108,64.0,40.0,9.0,12.0,10.0,No,No,Yes,No,2-комнатная
105,65.0,47.0,9.0,12.5,5.0,Yes,No,Yes,No,2-комнатная
125,60.0,41.0,6.0,3.0,7.0,Yes,No,Yes,Yes,2-комнатная
94,63.0,39.0,8.0,14.5,5.0,No,No,Yes,No,2-комнатная
94,56.0,33.0,8.0,11.5,3.0,Yes,No,Yes,No,2-комнатная
90,56.0,42.0,6.0,12.5,7.0,Yes,Yes,Yes,No,2-комнатная
85,64.0,45.0,6.0,13.0,5.0,No,No,Yes,No,2-комнатная
105,65.0,40.0,8.0,13.5,7.0,Yes,No,Yes,No,2-комнатная
90,60.0,40.0,8.0,13.5,5.0,Yes,No,No,No,2-комнатная
110,57.0,37.0,7.0,9.0,1.0,Yes,Yes,Yes,No,2-комнатная
105,63.0,42.0,8.0,12.0,15.0,Yes,Yes,Yes,No,2-комнатная
95,65.0,47.0,8.0,13.5,5.0,Yes,No,Yes,No,2-комнатная
105,65.0,40.0,8.0,17.0,10.0,Yes,No,Yes,No,2-комнатная
96,60.0,45.0,6.0,12.0,5.0,No,No,Yes,No,2-комнатная
125,64.0,43.0,7.0,4.5,10.0,Yes,No,Yes,No,2-комнатная
114,59.0,39.0,6.0,3.5,5.0,Yes,No,Yes,Yes,2-комнатная
96,60.0,40.0,8.0,12.5,10.0,Yes,No,Yes,No,2-комнатная
110,65.0,40.0,8.0,12.5,5.0,Yes,No,No,No,2-комнатная
87,60.0,43.0,6.0,13.5,10.0,No,No,Yes,No,2-комнатная
105,58.0,41.0,6.0,7.5,10.0,Yes,Yes,Yes,No,2-комнатная
92,60.0,40.0,6.0,12.0,10.0,No,No,Yes,No,2-комнатная
94,64.0,38.0,9.0,12.0,11.0,No,No,Yes,No,2-комнатная
85,61.0,43.0,6.0,12.0,15.0,Yes,No,Yes,No,2-комнатная
82,60.0,44.0,6.0,14.5,7.0,No,No,Yes,No,2-комнатная
108,58.0,40.0,6.0,10.5,7.0,Yes,Yes,Yes,No,2-комнатная
95,63.0,42.0,8.0,3.5,5.0,Yes,Yes,Yes,Yes,2-комнатная
98,61.0,38.0,8.0,12.0,15.0,Yes,No,Yes,No,2-комнатная
90,57.0,42.0,6.0,11.0,5.0,Yes,Yes,Yes,No,2-комнатная
99,60.0,39.0,8.0,12.0,5.0,No,No,Yes,No,2-комнатная
77,58.0,42.0,6.0,12.5,5.0,No,No,No,No,2-комнатная
102,58.0,40.0,6.0,10.5,5.0,Yes,Yes,No,No,2-комнатная
93,59.0,38.0,6.0,13.5,10.0,Yes,Yes,No,No,2-комнатная
80,60.0,44.0,6.0,13.5,10.0,No,No,Yes,No,2-комнатная
68,57.0,37.0,6.0,13.5,15.0,Yes,No,No,No,2-комнатная
110,63.0,43.0,9.0,15.5,3.0,Yes,No,No,No,2-комнатная
93,64.0,38.0,8.0,14.5,10.0,Yes,No,Yes,No,2-комнатная
95,60.0,43.0,6.0,17.0,10.0,Yes,No,Yes,No,2-комнатная
108,57.0,40.0,6.0,9.0,3.0,Yes,Yes,Yes,No,2-комнатная
86,61.0,43.0,6.0,13.5,15.0,Yes,No,Yes,No,2-комнатная
101,62.0,43.0,6.0,12.0,15.0,Yes,No,Yes,No,2-комнатная
75,59.0,43.0,5.0,13.5,10.0,No,No,No,No,2-комнатная
103,63.0,38.0,9.0,12.5,10.0,Yes,No,Yes,No,2-комнатная
77,58.0,37.0,5.0,7.0,12.0,No,No,Yes,No,2-комнатная
85,59.0,40.0,5.0,12.5,5.0,No,No,Yes,No,2-комнатная
91,65.0,39.0,8.0,13.0,5.0,No,No,Yes,No,2-комнатная
118,64.0,43.0,9.0,10.5,7.0,No,No,Yes,No,2-комнатная
105,63.0,43.0,7.0,10.5,15.0,Yes,No,Yes,No,2-комнатная
79,56.0,37.0,6.0,11.5,5.0,Yes,No,Yes,No,2-комнатная
100,58.0,30.0,6.0,17.0,1.0,Yes,No,Yes,No,2-комнатная
93,57.0,40.0,6.0,3.5,7.0,Yes,Yes,Yes,Yes,2-комнатная
98,60.0,47.0,6.0,14.5,7.0,Yes,Yes,No,No,2-комнатная
85,59.0,44.0,6.0,7.0,1.0,Yes,No,Yes,No,2-комнатная
84,57.0,42.0,6.0,7.5,5.0,No,Yes,Yes,No,2-комнатная
102,60.0,40.0,8.0,8.0,5.0,No,Yes,Yes,No,2-комнатная
118,63.0,38.0,8.0,14.5,5.0,Yes,No,Yes,No,2-комнатная
92,60.0,44.0,6.0,15.5,3.0,Yes,No,Yes,No,2-комнатная
96,63.0,38.0,8.0,12.5,15.0,Yes,No,Yes,No,2-комнатная
115,56.0,39.0,5.0,4.5,15.0,Yes,Yes,Yes,No,2-комнатная
115,65.0,39.0,8.0,13.0,10.0,No,No,Yes,No,2-комнатная
84,62.0,44.0,7.0,14.5,10.0,No,No,Yes,No,2-комнатная
123,58.0,40.0,7.0,13.5,5.0,No,Yes,Yes,No,2-комнатная
95,60.0,43.0,6.0,9.0,5.0,No,No,Yes,No,2-комнатная
95,62.0,38.0,8.0,12.5,3.0,Yes,No,No,No,2-комнатная
86,59.0,42.0,5.0,11.5,10.0,Yes,No,Yes,No,2-комнатная
92,60.0,44.0,6.0,12.0,5.0,No,No,Yes,No,2-комнатная
111,64.0,40.0,7.0,17.0,10.0,Yes,No,No,No,2-комнатная
115,62.0,38.0,8.0,11.5,5.0,Yes,No,Yes,No,2-комнатная
95,60.0,37.0,8.0,12.5,15.0,Yes,No,Yes,No,2-комнатная
80,58.0,43.0,6.0,11.5,10.0,Yes,No,Yes,No,2-комнатная
95,63.0,40.0,8.0,12.5,10.0,Yes,No,Yes,No,2-комнатная
83,60.0,42.0,6.0,12.0,7.0,No,No,Yes,No,2-комнатная
93,57.0,43.0,6.0,10.5,15.0,No,No,Yes,No,2-комнатная
106,63.0,44.0,7.0,12.5,10.0,Yes,No,Yes,No,2-комнатная
93,64.0,44.0,6.0,17.0,5.0,Yes,No,Yes,No,2-комнатная
98,60.0,43.0,7.0,13.5,10.0,Yes,No,Yes,No,2-комнатная
100,60.0,39.0,6.0,17.0,5.0,Yes,No,Yes,No,2-комнатная
93,62.0,38.0,7.0,17.0,3.0,Yes,No,Yes,No,2-комнатная
95,61.0,43.0,6.0,12.0,15.0,Yes,No,No,No,2-комнатная
83,57.0,44.0,6.0,17.0,10.0,No,No,Yes,No,2-комнатная
82,62.0,32.0,7.0,6.0,5.0,Yes,Yes,No,No,2-комнатная
93,61.0,38.0,8.0,13.0,7.0,No,No,Yes,No,2-комнатная
85,58.0,43.0,5.0,7.0,5.0,No,No,Yes,No,2-комнатная
120,59.0,45.0,6.0,3.0,3.0,Yes,No,Yes,Yes,2-комнатная
82,62.0,44.0,6.0,12.5,10.0,No,No,No,No,2-комнатная
128,65.0,44.0,7.0,9.0,5.0,No,No,Yes,No,2-комнатная
115,59.0,39.0,6.0,10.0,10.0,Yes,No,No,No,2-комнатная
110,65.0,39.0,9.0,12.5,2.0,Yes,No,No,No,2-комнатная
110,60.0,44.0,6.0,7.0,5.0,No,No,Yes,No,2-комнатная
95,62.0,45.0,7.0,12.5,10.0,Yes,Yes,Yes,No,2-комнатная
91,61.0,44.0,7.0,13.5,5.0,Yes,No,Yes,No,2-комнатная
82,62.0,44.0,6.0,13.5,10.0,No,No,Yes,No,2-комнатная
88,60.0,44.0,6.0,13.5,10.0,No,No,Yes,No,2-комнатная
82,56.0,42.0,6.0,10.0,10.0,Yes,No,No,No,2-комнатная
100,60.0,43.0,7.0,12.5,5.0,Yes,No,Yes,No,2-комнатная
111,57.0,40.0,6.0,9.0,3.0,Yes,Yes,Yes,No,2-комнатная
89,64.0,45.0,7.0,12.0,5.0,Yes,No,Yes,No,2-комнатная
79,65.0,45.0,7.0,6.0,7.0,Yes,No,Yes,No,2-комнатная
95,57.0,42.0,6.0,6.5,7.0,Yes,Yes,Yes,No,2-комнатная
92,59.0,41.0,6.0,7.5,12.0,Yes,No,Yes,No,2-комнатная
110,65.0,44.0,8.0,10.5,10.0,Yes,Yes,Yes,No,2-комнатная
83,59.0,44.0,6.0,13.5,10.0,No,No,Yes,No,2-комнатная
93,64.0,45.0,7.0,14.5,3.0,Yes,No,Yes,No,2-комнатная
94,64.0,45.0,7.0,14.5,10.0,No,No,Yes,No,2-комнатная
120,63.0,40.0,8.0,6.0,7.0,Yes,Yes,Yes,No,2-комнатная
90,60.0,38.0,8.0,12.0,10.0,No,No,No,No,2-комнатная
82,56.0,39.0,6.0,10.0,5.0,Yes,No,Yes,No,2-комнатная
74,56.0,37.0,6.0,15.5,7.0,No,Yes,No,No,2-комнатная
84,57.0,42.0,5.0,12.7,10.0,Yes,Yes,Yes,No,2-комнатная
115,65.0,47.0,8.0,13.5,3.0,Yes,Yes,Yes,No,2-комнатная
115,64.0,38.0,8.0,17.0,5.0,Yes,No,Yes,No,2-комнатная
90,61.0,43.0,6.0,14.5,10.0,Yes,No,Yes,No,2-комнатная
95,63.0,38.0,8.0,12.5,5.0,Yes,No,Yes,No,2-комнатная
90,64.0,39.0,9.0,6.0,5.0,No,Yes,Yes,No,2-комнатная
105,58.0,43.0,6.0,3.5,12.0,Yes,Yes,Yes,Yes,2-комнатная
84,58.0,42.0,5.0,7.5,15.0,Yes,Yes,Yes,No,2-комнатная
115,60.0,44.0,6.0,6.5,5.0,Yes,No,Yes,No,2-комнатная
85,56.0,36.0,5.0,10.5,15.0,No,No,Yes,No,2-комнатная
85,58.0,39.0,6.0,12.5,10.0,Yes,No,No,No,2-комнатная
125,63.0,43.0,6.0,17.0,5.0,Yes,Yes,Yes,No,2-комнатная
80,56.0,38.0,5.0,11.5,10.0,Yes,No,Yes,No,2-комнатная
80,60.0,44.0,6.0,13.5,7.0,No,No,Yes,No,2-комнатная
82,60.0,42.0,7.0,13.5,5.0,No,No,Yes,No,2-комнатная
85,57.0,43.0,6.0,12.0,12.0,Yes,Yes,No,No,2-комнатная
95,58.0,39.0,6.0,9.0,5.0,Yes,No,No,No,2-комнатная
122,64.0,46.0,8.0,12.5,7.0,No,No,Yes,No,2-комнатная
82,57.0,42.0,5.0,12.7,10.0,Yes,Yes,Yes,No,2-комнатная
96,59.0,42.0,6.0,13.5,7.0,Yes,No,Yes,No,2-комнатная
95,60.0,43.0,7.0,12.5,5.0,Yes,No,Yes,No,2-комнатная
129,60.0,41.0,6.0,3.0,7.0,Yes,No,No,Yes,2-комнатная
105,64.0,38.0,8.0,14.5,10.0,No,No,Yes,No,2-комнатная
88,59.0,44.0,6.0,14.5,10.0,Yes,No,Yes,No,2-комнатная
92,62.0,39.0,7.0,12.0,10.0,Yes,No,Yes,No,2-комнатная
88,60.0,43.0,6.0,12.5,5.0,Yes,No,Yes,No,2-комнатная
92,63.0,38.0,8.0,14.5,5.0,No,No,No,No,2-комнатная
75,56.0,37.0,5.0,10.0,10.0,Yes,No,No,No,2-комнатная
92,65.0,45.0,7.0,12.5,5.0,Yes,No,Yes,No,2-комнатная
70,60.0,43.0,6.0,17.0,10.0,Yes,No,Yes,No,2-комнатная
85,65.0,46.0,7.0,13.0,7.0,No,No,Yes,No,2-комнатная
95,65.0,46.0,8.0,12.5,10.0,Yes,No,Yes,No,2-комнатная
96,65.0,40.0,8.0,14.5,15.0,Yes,No,No,No,2-комнатная
79,60.0,43.0,5.0,12.0,10.0,No,No,No,No,2-комнатная
108,65.0,40.0,8.0,17.0,5.0,Yes,No,Yes,No,2-комнатная
130,57.0,42.0,6.0,4.5,5.0,Yes,Yes,Yes,No,2-комнатная
96,60.0,43.0,6.0,14.5,7.0,Yes,No,Yes,No,2-комнатная
80,59.0,43.0,6.0,13.5,5.0,No,No,Yes,No,2-комнатная
102,64.0,47.0,6.0,17.0,10.0,Yes,No,Yes,No,2-комнатная
103,64.0,44.0,10.0,15.5,7.0,Yes,No,Yes,No,2-комнатная
90,61.0,44.0,6.0,12.0,5.0,Yes,No,No,No,2-комнатная
98,58.0,43.0,6.0,14.5,10.0,No,No,Yes,No,2-комнатная
91,64.0,45.0,7.0,14.5,10.0,Yes,No,Yes,No,2-комнатная
90,59.0,45.0,6.0,15.5,5.0,No,No,Yes,No,2-комнатная
82,59.0,38.0,6.0,13.5,5.0,Yes,No,Yes,No,2-комнатная
82,58.0,35.0,11.0,12.5,10.0,No,No,No,No,2-комнатная
82,60.0,45.0,6.0,13.5,10.0,No,No,Yes,No,2-комнатная
95,57.0,41.0,6.0,4.5,7.0,Yes,Yes,No,No,2-комнатная
75,56.0,37.0,5.0,10.0,5.0,No,No,Yes,No,2-комнатная
100,65.0,41.0,8.0,14.5,5.0,No,No,Yes,No,2-комнатная
98,65.0,44.0,7.0,11.5,15.0,Yes,No,Yes,No,2-комнатная
84,58.0,42.0,6.0,13.0,15.0,Yes,No,No,No,2-комнатная
94,61.0,42.0,6.0,12.5,10.0,Yes,No,Yes,No,2-комнатная
85,58.0,44.0,6.0,10.5,10.0,Yes,No,No,No,2-комнатная
90,60.0,45.0,5.0,10.5,10.0,No,No,Yes,No,2-комнатная
101,59.0,44.0,6.0,17.0,10.0,Yes,No,Yes,No,2-комнатная
98,60.0,45.0,5.0,7.5,7.0,Yes,No,No,No,2-комнатная
105,65.0,39.0,8.0,17.0,10.0,Yes,No,No,No,2-комнатная
91,62.0,38.0,7.0,13.5,7.0,No,No,No,No,2-комнатная
95,65.0,46.0,7.0,12.5,15.0,Yes,No,Yes,No,2-комнатная
95,56.0,42.0,7.0,3.5,10.0,Yes,Yes,No,Yes,2-комнатная
99,65.0,40.0,8.0,12.5,10.0,Yes,No,Yes,No,2-комнатная
90,62.0,46.0,8.0,14.5,15.0,No,No,Yes,No,2-комнатная
100,64.0,38.0,8.0,14.5,15.0,No,No,Yes,No,2-комнатная
96,63.0,45.0,6.0,12.5,10.0,Yes,No,Yes,No,2-комнатная
88,60.0,40.0,5.0,7.0,7.0,Yes,No,Yes,No,2-комнатная
78,64.0,39.0,8.0,7.0,10.0,No,No,Yes,No,2-комнатная
87,61.0,42.0,9.0,13.5,10.0,Yes,No,Yes,No,2-комнатная
85,60.0,40.0,6.0,13.5,5.0,No,No,Yes,No,2-комнатная
93,64.0,45.0,7.0,14.5,3.0,Yes,No,Yes,No,2-комнатная
86,60.0,44.0,6.0,13.5,10.0,No,No,Yes,No,2-комнатная
95,59.0,43.0,6.0,15.5,5.0,No,No,Yes,No,2-комнатная
81,56.0,37.0,6.0,11.5,5.0,Yes,No,Yes,No,2-комнатная
90,61.0,43.0,6.0,12.5,3.0,Yes,No,Yes,No,2-комнатная
102,58.0,38.0,6.0,15.5,8.0,Yes,No,Yes,No,2-комнатная
93,61.0,45.0,6.0,14.5,10.0,Yes,No,Yes,No,2-комнатная
92,59.0,38.0,6.0,15.5,10.0,Yes,No,Yes,No,2-комнатная
117,61.0,44.0,6.0,4.5,5.0,Yes,Yes,Yes,No,2-комнатная
115,65.0,39.0,9.0,12.5,3.0,Yes,No,No,No,2-комнатная
110,63.0,38.0,8.0,17.0,10.0,Yes,No,Yes,No,2-комнатная
81,60.0,46.0,6.0,14.5,15.0,No,No,No,No,2-комнатная
79,59.0,43.0,6.0,12.0,10.0,No,No,No,No,2-комнатная
78,56.0,38.0,6.0,13.5,5.0,No,No,No,No,2-комнатная
110,60.0,45.0,6.0,12.0,5.0,Yes,No,Yes,No,2-комнатная
105,60.0,43.0,6.0,17.0,5.0,Yes,No,Yes,No,2-комнатная
99,57.0,42.0,6.0,12.0,10.0,Yes,Yes,Yes,No,2-комнатная
95,56.0,39.0,5.0,9.0,7.0,Yes,Yes,Yes,No,2-комнатная
89,60.0,42.0,6.0,12.0,7.0,No,No,Yes,No,2-комнатная
90,60.0,42.0,6.0,17.0,3.0,Yes,No,Yes,No,2-комнатная
96,60.0,45.0,6.0,12.0,5.0,No,No,Yes,No,2-комнатная
126,64.0,44.0,7.0,8.0,2.0,Yes,No,No,No,2-комнатная
84,60.0,43.0,6.0,14.5,5.0,No,No,Yes,No,2-комнатная
81,60.0,44.0,6.0,13.5,10.0,No,No,Yes,No,2-комнатная
95,64.0,45.0,7.0,17.0,5.0,Yes,No,Yes,No,2-комнатная
129,64.0,39.0,9.0,13.5,5.0,No,No,Yes,No,2-комнатная
97,63.0,44.0,7.0,11.5,5.0,Yes,No,No,No,2-комнатная
95,60.0,43.0,6.0,9.0,5.0,No,No,Yes,No,2-комнатная
95,60.0,46.0,5.0,10.5,5.0,Yes,No,Yes,No,2-комнатная
103,64.0,45.0,7.0,15.5,5.0,Yes,No,Yes,No,2-комнатная
128,70.0,42.0,6.0,14.5,3.0,Yes,Yes,Yes,No,3-комнатная
137,76.0,50.0,9.0,11.0,7.0,Yes,Yes,Yes,No,3-комнатная
115,77.0,50.0,9.0,3.5,7.0,Yes,No,No,Yes,3-комнатная
142,70.0,47.0,8.0,7.5,5.0,Yes,No,Yes,No,3-комнатная
100,66.0,43.0,7.0,12.0,7.0,No,No,Yes,No,3-комнатная
110,75.0,50.0,10.0,13.5,10.0,No,No,Yes,No,3-комнатная
135,72.0,51.0,8.0,9.0,5.0,Yes,Yes,Yes,No,3-комнатная
130,73.0,52.0,7.0,11.0,5.0,Yes,Yes,Yes,No,3-комнатная
112,73.0,51.0,8.0,10.5,7.0,No,Yes,Yes,No,3-комнатная
130,70.0,47.0,8.0,9.0,5.0,Yes,No,Yes,No,3-комнатная
110,75.0,43.0,10.0,12.7,5.0,Yes,No,Yes,No,3-комнатная
120,77.0,47.0,12.0,13.5,10.0,Yes,No,Yes,No,3-комнатная
132,77.0,41.0,10.0,10.0,7.0,No,No,Yes,No,3-комнатная
169,68.0,40.0,8.0,3.0,5.0,Yes,Yes,Yes,Yes,3-комнатная
185,75.0,47.0,9.0,3.0,3.0,Yes,Yes,No,Yes,3-комнатная
115,77.0,50.0,9.0,6.0,10.0,Yes,Yes,Yes,No,3-комнатная
101,77.0,45.0,13.0,13.0,10.0,No,No,Yes,No,3-комнатная
115,75.0,42.0,8.0,12.0,15.0,No,No,Yes,No,3-комнатная
112,75.0,42.0,10.0,12.0,5.0,No,No,Yes,No,3-комнатная
99,67.0,37.0,7.0,10.5,10.0,No,Yes,Yes,No,3-комнатная
135,77.0,47.0,10.0,13.5,10.0,No,No,Yes,No,3-комнатная
100,78.0,44.0,8.0,13.5,20.0,No,No,Yes,No,3-комнатная
125,77.0,45.0,10.0,12.0,10.0,Yes,No,Yes,No,3-комнатная
137,74.0,44.0,10.0,15.5,8.0,No,No,Yes,No,3-комнатная
115,67.0,41.0,9.0,14.5,7.0,No,No,Yes,No,3-комнатная
105,66.0,40.0,8.0,12.5,5.0,Yes,No,Yes,No,3-комнатная
99,66.0,44.0,8.0,12.0,5.0,Yes,No,No,No,3-комнатная
130,75.0,44.0,11.0,13.5,10.0,No,No,Yes,No,3-комнатная
158,78.0,48.0,9.0,9.0,4.0,Yes,Yes,Yes,No,3-комнатная
116,75.0,51.0,9.0,3.5,5.0,No,Yes,No,Yes,3-комнатная
140,76.0,44.0,10.0,12.5,5.0,Yes,No,Yes,No,3-комнатная
110,77.0,46.0,11.0,13.0,2.0,Yes,No,Yes,No,3-комнатная
169,70.0,44.0,8.0,8.0,5.0,Yes,Yes,Yes,No,3-комнатная
136,78.0,46.0,10.0,12.5,5.0,No,No,No,No,3-комнатная
138,77.0,45.0,10.0,13.0,5.0,No,No,Yes,No,3-комнатная
138,70.0,45.0,8.0,10.5,10.0,Yes,Yes,Yes,No,3-комнатная
120,74.0,40.0,12.0,12.7,7.0,Yes,Yes,Yes,No,3-комнатная
149,78.0,48.0,13.0,4.5,5.0,Yes,Yes,Yes,No,3-комнатная
185,73.0,45.0,8.0,3.0,2.0,Yes,Yes,Yes,Yes,3-комнатная
115,78.0,54.0,8.0,11.5,10.0,Yes,Yes,Yes,No,3-комнатная
115,74.0,45.0,10.0,13.0,15.0,Yes,No,Yes,No,3-комнатная
99,76.0,45.0,10.0,12.0,10.0,Yes,No,Yes,No,3-комнатная
113,75.0,45.0,10.0,12.0,7.0,Yes,No,Yes,No,3-комнатная
110,76.0,46.0,10.0,13.0,7.0,Yes,No,Yes,No,3-комнатная
145,78.0,50.0,10.0,12.0,3.0,Yes,No,Yes,No,3-комнатная
153,76.0,46.0,10.0,9.0,5.0,No,No,Yes,No,3-комнатная
107,74.0,44.0,11.0,13.0,5.0,No,No,No,No,3-комнатная
100,77.0,52.0,9.0,10.5,15.0,No,Yes,Yes,No,3-комнатная
106,76.0,43.0,12.0,13.0,5.0,No,No,No,No,3-комнатная
139,73.0,51.0,9.0,7.5,10.0,No,Yes,No,No,3-комнатная
106,76.0,46.0,10.0,13.0,5.0,No,No,Yes,No,3-комнатная
124,78.0,55.0,8.0,13.5,10.0,Yes,Yes,Yes,No,3-комнатная
138,68.0,46.0,8.0,9.0,10.0,Yes,No,Yes,No,3-комнатная
132,77.0,43.0,8.0,12.5,5.0,Yes,No,Yes,No,3-комнатная
130,78.0,54.0,8.0,7.5,10.0,No,No,Yes,No,3-комнатная
128,70.0,50.0,8.0,5.0,5.0,Yes,Yes,No,No,3-комнатная
135,76.0,44.0,10.0,12.7,2.0,Yes,No,No,No,3-комнатная
103,69.0,44.0,9.0,14.5,10.0,No,No,Yes,No,3-комнатная
166,77.0,45.0,11.0,10.5,15.0,Yes,Yes,Yes,No,3-комнатная
110,77.0,45.0,10.0,12.0,10.0,No,No,Yes,No,3-комнатная
120,74.0,44.0,10.0,12.7,10.0,Yes,No,Yes,No,3-комнатная
127,76.0,42.0,10.0,13.5,10.0,No,No,Yes,No,3-комнатная
150,75.0,46.0,11.0,9.0,15.0,Yes,No,Yes,No,3-комнатная
118,67.0,44.0,8.0,6.0,10.0,Yes,No,Yes,No,3-комнатная
167,78.0,54.0,8.0,9.0,10.0,Yes,Yes,Yes,No,3-комнатная
118,68.0,49.0,11.0,7.5,7.0,Yes,No,No,No,3-комнатная
107,75.0,44.0,8.0,12.0,10.0,Yes,No,No,No,3-комнатная
120,66.0,40.0,19.0,7.5,10.0,Yes,Yes,Yes,No,3-комнатная
97,75.0,45.0,10.0,13.0,5.0,No,No,Yes,No,3-комнатная
130,75.0,44.0,8.0,12.7,3.0,Yes,No,Yes,No,3-комнатная
115,77.0,46.0,10.0,12.7,7.0,Yes,No,Yes,No,3-комнатная
140,76.0,44.0,10.0,12.0,2.0,Yes,No,Yes,No,3-комнатная
135,77.0,46.0,10.0,12.7,2.0,Yes,No,Yes,No,3-комнатная
125,78.0,60.0,11.0,14.5,10.0,No,No,Yes,No,3-комнатная
122,74.0,50.0,8.0,10.5,10.0,Yes,Yes,No,No,3-комнатная
150,78.0,44.0,8.0,13.5,1.0,Yes,No,Yes,No,3-комнатная
136,74.0,45.0,10.0,13.5,5.0,No,No,Yes,No,3-комнатная
105,75.0,45.0,10.0,12.0,7.0,Yes,No,Yes,No,3-комнатная
93,78.0,46.0,10.0,12.0,15.0,No,No,Yes,No,3-комнатная
93,67.0,47.0,6.0,12.0,5.0,No,No,Yes,No,3-комнатная
95,73.0,43.0,11.0,12.7,10.0,Yes,No,No,No,3-комнатная
110,75.0,52.0,9.0,7.5,10.0,No,Yes,Yes,No,3-комнатная
125,66.0,44.0,9.0,12.5,15.0,Yes,No,Yes,No,3-комнатная
127,77.0,46.0,10.0,12.5,10.0,Yes,No,Yes,No,3-комнатная
112,75.0,45.0,10.0,12.0,7.0,Yes,No,Yes,No,3-комнатная
95,67.0,45.0,9.0,13.5,10.0,No,No,No,No,3-комнатная
165,78.0,46.0,10.0,5.0,10.0,Yes,No,Yes,No,3-комнатная
125,78.0,50.0,9.0,13.5,15.0,Yes,Yes,No,No,3-комнатная
120,77.0,44.0,10.0,13.5,5.0,No,Yes,Yes,No,3-комнатная
105,66.0,48.0,8.0,12.0,1.0,Yes,No,No,No,3-комнатная
120,66.0,43.0,10.0,9.0,10.0,No,No,Yes,No,3-комнатная
150,77.0,45.0,10.0,5.0,10.0,Yes,No,Yes,No,3-комнатная
103,77.0,46.0,11.0,13.0,5.0,No,No,Yes,No,3-комнатная
130,74.0,53.0,7.0,4.5,7.0,Yes,Yes,Yes,No,3-комнатная
110,70.0,42.0,10.0,14.5,7.0,No,No,Yes,No,3-комнатная
105,68.0,46.0,8.0,12.0,15.0,Yes,No,Yes,No,3-комнатная
90,66.0,43.0,6.0,15.5,5.0,Yes,No,No,No,3-комнатная
110,69.0,44.0,10.0,12.0,5.0,Yes,No,Yes,No,3-комнатная
116,75.0,46.0,10.0,13.5,10.0,No,No,Yes,No,3-комнатная
119,71.0,52.0,8.0,8.0,10.0,No,Yes,No,No,3-комнатная
143,77.0,42.0,10.0,6.0,5.0,No,No,Yes,No,3-комнатная
105,77.0,46.0,8.0,12.0,15.0,No,No,No,No,3-комнатная
177,74.0,45.0,8.0,5.0,15.0,Yes,Yes,Yes,No,3-комнатная
145,74.0,45.0,11.0,17.0,10.0,No,No,Yes,No,3-комнатная
99,72.0,50.0,9.0,7.5,10.0,No,Yes,Yes,No,3-комнатная
122,68.0,44.0,8.0,10.5,5.0,No,No,Yes,No,3-комнатная
147,74.0,49.0,9.0,7.5,10.0,Yes,Yes,Yes,No,3-комнатная
84,76.0,45.0,10.0,17.0,10.0,Yes,No,Yes,No,3-комнатная
135,68.0,46.0,8.0,12.5,7.0,No,No,Yes,No,3-комнатная
116,75.0,44.0,13.0,12.0,10.0,Yes,No,Yes,No,3-комнатная
136,76.0,44.0,10.0,14.5,9.0,No,No,Yes,No,3-комнатная
135,74.0,44.0,10.0,10.5,7.0,Yes,No,No,No,3-комнатная
135,74.0,51.0,9.0,10.5,7.0,Yes,Yes,Yes,No,3-комнатная
100,68.0,53.0,6.0,12.0,10.0,Yes,No,Yes,No,3-комнатная
115,66.0,37.0,7.0,11.0,7.0,Yes,No,Yes,No,3-комнатная
120,69.0,40.0,9.0,13.5,15.0,Yes,No,Yes,No,3-комнатная
114,75.0,44.0,10.0,13.0,2.0,Yes,No,Yes,No,3-комнатная
105,78.0,50.0,8.0,9.0,10.0,Yes,Yes,No,No,3-комнатная
125,75.0,53.0,8.0,11.0,3.0,Yes,Yes,Yes,No,3-комнатная
125,78.0,52.0,7.0,11.0,7.0,Yes,Yes,Yes,No,3-комнатная
148,74.0,51.0,9.0,7.5,10.0,Yes,Yes,Yes,No,3-комнатная
149,77.0,45.0,9.0,12.0,5.0,Yes,No,Yes,No,3-комнатная
105,75.0,45.0,10.0,12.0,5.0,No,No,Yes,No,3-комнатная
137,78.0,51.0,9.0,6.0,15.0,Yes,Yes,Yes,No,3-комнатная
153,75.0,45.0,10.0,7.0,15.0,Yes,No,No,No,3-комнатная
110,74.0,45.0,10.0,12.7,7.0,Yes,No,Yes,No,3-комнатная
108,66.0,43.0,7.0,17.0,5.0,Yes,No,Yes,No,3-комнатная
140,78.0,46.0,11.0,12.0,5.0,Yes,No,Yes,No,3-комнатная
92,69.0,47.0,6.0,12.0,10.0,No,No,No,No,3-комнатная
150,77.0,42.0,8.0,6.0,15.0,Yes,No,Yes,No,3-комнатная
100,78.0,45.0,10.0,13.0,7.0,Yes,No,Yes,No,3-комнатная
112,76.0,54.0,8.0,10.5,15.0,Yes,Yes,No,No,3-комнатная
100,75.0,45.0,10.0,13.0,5.0,No,No,Yes,No,3-комнатная
115,72.0,50.0,8.0,10.5,10.0,No,Yes,Yes,No,3-комнатная
92,68.0,53.0,6.0,13.0,10.0,No,No,Yes,No,3-комнатная
165,78.0,47.0,9.0,5.0,10.0,Yes,Yes,Yes,No,3-комнатная
113,77.0,50.0,8.0,12.5,15.0,No,Yes,No,No,3-комнатная
125,73.0,52.0,8.0,11.0,10.0,Yes,Yes,Yes,No,3-комнатная
170,71.0,47.0,8.0,7.5,10.0,Yes,Yes,Yes,No,3-комнатная
112,72.0,51.0,8.0,6.5,5.0,Yes,Yes,Yes,No,3-комнатная
131,76.0,45.0,10.0,12.0,7.0,Yes,No,Yes,No,3-комнатная
110,77.0,46.0,9.0,13.0,5.0,Yes,No,No,No,3-комнатная
132,69.0,44.0,8.0,8.0,10.0,Yes,No,Yes,No,3-комнатная
140,77.0,45.0,10.0,10.0,5.0,Yes,No,Yes,No,3-комнатная
120,77.0,45.0,10.0,13.0,10.0,Yes,No,Yes,No,3-комнатная
115,68.0,44.0,9.0,12.0,7.0,Yes,No,Yes,No,3-комнатная
99,66.0,39.0,8.0,17.0,10.0,Yes,No,No,No,3-комнатная
128,75.0,45.0,10.0,17.0,3.0,Yes,Yes,Yes,No,3-комнатная
150,78.0,45.0,10.0,14.5,10.0,No,No,Yes,No,3-комнатная
130,77.0,47.0,11.0,11.0,7.0,Yes,No,Yes,No,3-комнатная
100,70.0,44.0,8.0,15.5,7.0,No,No,No,No,3-комнатная
135,78.0,44.0,11.0,12.7,10.0,Yes,No,Yes,No,3-комнатная
105,66.0,44.0,7.0,3.5,10.0,Yes,No,Yes,Yes,3-комнатная
155,75.0,46.0,10.0,12.0,5.0,Yes,No,Yes,No,3-комнатная
120,76.0,45.0,10.0,13.0,10.0,Yes,No,Yes,No,3-комнатная
110,77.0,46.0,10.0,6.0,10.0,No,No,Yes,No,3-комнатная
106,70.0,43.0,10.0,12.7,10.0,Yes,No,No,No,3-комнатная
93,66.0,39.0,8.0,14.5,15.0,Yes,No,Yes,No,3-комнатная
120,74.0,45.0,10.0,13.0,15.0,Yes,No,Yes,No,3-комнатная
107,66.0,42.0,9.0,8.0,7.0,No,No,Yes,No,3-комнатная
140,66.0,47.0,6.0,4.5,2.0,Yes,Yes,No,No,3-комнатная
115,76.0,40.0,11.0,12.7,10.0,Yes,No,Yes,No,3-комнатная
140,70.0,45.0,10.0,9.0,10.0,Yes,No,Yes,No,3-комнатная
120,75.0,43.0,10.0,17.0,10.0,Yes,No,Yes,No,3-комнатная
105,73.0,49.0,8.0,11.5,5.0,Yes,No,No,No,3-комнатная
108,66.0,45.0,10.0,12.0,5.0,Yes,No,Yes,No,3-комнатная
115,71.0,42.0,10.0,12.0,5.0,Yes,No,No,No,3-комнатная
98,74.0,44.0,10.0,12.0,15.0,Yes,No,No,No,3-комнатная
158,78.0,48.0,12.0,9.0,4.0,Yes,Yes,Yes,No,3-комнатная
115,66.0,38.0,7.0,11.0,7.0,Yes,Yes,Yes,No,3-комнатная
132,76.0,43.0,8.0,12.5,5.0,Yes,No,Yes,No,3-комнатная
120,77.0,43.0,8.0,10.5,10.0,No,No,Yes,No,3-комнатная
115,76.0,45.0,10.0,12.0,15.0,No,No,Yes,No,3-комнатная
165,74.0,41.0,9.0,6.5,5.0,Yes,Yes,Yes,No,3-комнатная
125,77.0,46.0,10.0,10.5,15.0,Yes,No,Yes,No,3-комнатная
103,67.0,43.0,9.0,13.5,10.0,No,No,Yes,No,3-комнатная
130,72.0,47.0,10.0,13.5,7.0,Yes,Yes,No,No,3-комнатная
130,72.0,42.0,9.0,12.0,5.0,Yes,No,Yes,No,3-комнатная
118,78.0,52.0,9.0,11.0,5.0,Yes,Yes,Yes,No,3-комнатная
105,75.0,45.0,10.0,14.5,10.0,No,No,Yes,No,3-комнатная
150,76.0,45.0,10.0,12.0,5.0,Yes,No,Yes,No,3-комнатная
143,75.0,45.0,9.0,10.5,7.0,Yes,No,Yes,No,3-комнатная
110,70.0,40.0,9.0,13.5,5.0,Yes,No,No,No,3-комнатная
135,75.0,46.0,10.0,7.0,12.0,No,No,Yes,No,3-комнатная
170,76.0,50.0,10.0,5.0,5.0,Yes,Yes,Yes,No,3-комнатная
110,77.0,40.0,11.0,12.7,15.0,Yes,No,Yes,No,3-комнатная
130,78.0,46.0,10.0,14.5,7.0,Yes,No,Yes,No,3-комнатная
95,67.0,41.0,9.0,13.5,7.0,No,No,Yes,No,3-комнатная
124,77.0,44.0,10.0,14.5,5.0,No,No,Yes,No,3-комнатная
110,76.0,45.0,10.0,13.0,10.0,Yes,No,Yes,No,3-комнатная
157,75.0,53.0,10.0,12.5,5.0,Yes,No,Yes,No,3-комнатная
145,73.0,45.0,7.0,9.0,1.0,Yes,Yes,Yes,No,3-комнатная
162,75.0,52.0,12.0,3.5,5.0,Yes,Yes,Yes,Yes,3-комнатная
125,75.0,52.0,9.0,10.5,5.0,No,Yes,Yes,No,3-комнатная
112,77.0,45.0,10.0,17.0,10.0,No,No,Yes,No,3-комнатная
147,76.0,46.0,10.0,12.0,3.0,Yes,No,Yes,No,3-комнатная
105,75.0,46.0,10.0,13.0,7.0,No,No,No,No,3-комнатная
105,69.0,43.0,6.0,17.0,5.0,Yes,No,Yes,No,3-комнатная
110,75.0,52.0,9.0,11.5,10.0,Yes,Yes,No,No,3-комнатная
98,74.0,46.0,11.0,12.5,10.0,No,Yes,No,No,3-комнатная
135,72.0,46.0,8.0,10.0,5.0,Yes,No,Yes,No,3-комнатная
140,78.0,46.0,9.0,10.5,10.0,Yes,Yes,Yes,No,3-комнатная
105,72.0,43.0,10.0,12.0,10.0,Yes,No,Yes,No,3-комнатная
125,67.0,46.0,8.0,12.5,15.0,Yes,No,Yes,No,3-комнатная
115,77.0,51.0,7.0,5.0,5.0,Yes,Yes,No,No,3-комнатная
165,77.0,44.0,10.0,8.0,10.0,Yes,No,Yes,No,3-комнатная
168,75.0,46.0,10.0,6.5,1.0,Yes,Yes,Yes,No,3-комнатная
105,74.0,45.0,10.0,13.0,10.0,Yes,No,No,No,3-комнатная
140,74.0,45.0,10.0,12.5,2.0,Yes,No,Yes,No,3-комнатная
185,66.0,44.0,6.0,9.0,3.0,Yes,Yes,No,No,3-комнатная
113,76.0,46.0,10.0,13.0,7.0,Yes,No,Yes,No,3-комнатная
107,67.0,41.0,9.0,12.5,10.0,Yes,No,Yes,No,3-комнатная
134,69.0,47.0,8.0,5.0,10.0,Yes,No,Yes,No,3-комнатная
100,77.0,41.0,10.0,12.7,10.0,Yes,No,Yes,No,3-комнатная
108,75.0,50.0,10.0,12.0,3.0,Yes,No,Yes,No,3-комнатная
130,75.0,48.0,13.0,12.7,5.0,No,No,Yes,No,3-комнатная
104,72.0,46.0,11.0,12.5,10.0,No,Yes,No,No,3-комнатная
105,68.0,46.0,8.0,15.5,10.0,Yes,No,No,No,3-комнатная
130,77.0,53.0,9.0,7.0,8.0,Yes,Yes,Yes,No,3-комнатная
167,74.0,43.0,10.0,14.5,5.0,Yes,No,Yes,No,3-комнатная
114,75.0,54.0,7.0,12.0,7.0,Yes,Yes,Yes,No,3-комнатная
145,76.0,48.0,9.0,13.5,10.0,No,No,Yes,No,3-комнатная
105,77.0,54.0,8.0,10.5,12.0,Yes,No,No,No,3-комнатная
107,68.0,46.0,8.0,10.5,10.0,No,No,Yes,No,3-комнатная
105,78.0,44.0,10.0,13.0,15.0,Yes,No,Yes,No,3-комнатная
116,77.0,45.0,10.0,6.0,7.0,No,No,Yes,No,3-комнатная
105,66.0,44.0,7.0,13.5,10.0,Yes,No,Yes,No,3-комнатная
150,76.0,45.0,10.0,7.0,10.0,No,No,Yes,No,3-комнатная
179,77.0,43.0,10.0,8.0,10.0,Yes,No,Yes,No,3-комнатная
120,76.0,51.0,9.0,13.5,5.0,Yes,No,Yes,No,3-комнатная
158,78.0,49.0,14.0,9.0,4.0,Yes,Yes,Yes,No,3-комнатная
155,74.0,43.0,10.0,9.0,5.0,No,No,Yes,No,3-комнатная
139,68.0,46.0,8.0,9.0,5.0,Yes,No,Yes,No,3-комнатная
140,78.0,45.0,10.0,12.0,2.0,Yes,No,Yes,No,3-комнатная
115,76.0,54.0,9.0,13.0,5.0,Yes,No,No,No,3-комнатная
180,72.0,45.0,10.0,3.0,3.0,Yes,Yes,Yes,Yes,3-комнатная
100,78.0,44.0,9.0,13.5,20.0,No,No,Yes,No,3-комнатная
102,74.0,43.0,10.0,17.0,12.0,No,No,Yes,No,3-комнатная
135,68.0,32.0,13.0,3.0,10.0,Yes,Yes,Yes,Yes,3-комнатная
103,76.0,45.0,10.0,13.0,5.0,No,No,Yes,No,3-комнатная
113,78.0,44.0,10.0,12.0,10.0,Yes,Yes,No,No,3-комнатная
140,68.0,44.0,10.0,5.0,7.0,Yes,No,Yes,No,3-комнатная
125,78.0,53.0,8.0,8.0,10.0,Yes,No,No,No,3-комнатная
117,77.0,44.0,10.0,17.0,3.0,Yes,No,No,No,3-комнатная
135,75.0,46.0,10.0,11.0,10.0,Yes,No,Yes,No,3-комнатная
116,76.0,45.0,10.0,7.0,10.0,Yes,No,Yes,No,3-комнатная
131,74.0,42.0,10.0,13.5,10.0,Yes,No,Yes,No,3-комнатная
108,78.0,46.0,10.0,12.7,10.0,Yes,No,Yes,No,3-комнатная
140,74.0,53.0,8.0,11.0,5.0,Yes,Yes,Yes,No,3-комнатная
136,78.0,48.0,9.0,12.5,15.0,Yes,No,Yes,No,3-комнатная
145,75.0,46.0,10.0,7.0,10.0,No,No,Yes,No,3-комнатная
106,68.0,47.0,8.0,13.5,7.0,No,No,Yes,No,3-комнатная
102,76.0,46.0,10.0,12.0,15.0,No,No,No,No,3-комнатная
128,78.0,54.0,9.0,6.5,5.0,Yes,No,Yes,No,3-комнатная
135,76.0,44.0,9.0,5.0,7.0,Yes,Yes,Yes,No,3-комнатная
108,73.0,51.0,8.0,12.5,15.0,No,Yes,Yes,No,3-комнатная
128,72.0,53.0,8.0,3.0,10.0,Yes,Yes,No,Yes,3-комнатная
154,72.0,42.0,11.0,6.5,5.0,Yes,No,Yes,No,3-комнатная
129,69.0,42.0,9.0,14.5,15.0,Yes,No,Yes,No,3-комнатная
112,77.0,45.0,10.0,10.0,7.0,No,No,Yes,No,3-комнатная
115,75.0,47.0,10.0,13.0,10.0,Yes,No,Yes,No,3-комнатная
165,74.0,41.0,9.0,6.5,5.0,Yes,Yes,Yes,No,3-комнатная
145,73.0,43.0,11.0,9.0,10.0,No,No,Yes,No,3-комнатная
105,77.0,45.0,10.0,14.5,10.0,No,No,Yes,No,3-комнатная
120,77.0,45.0,10.0,13.5,5.0,No,No,Yes,No,3-комнатная
115,76.0,45.0,11.0,12.0,5.0,Yes,No,Yes,No,3-комнатная
110,66.0,45.0,10.0,11.5,10.0,Yes,No,Yes,No,3-комнатная
107,75.0,53.0,9.0,11.5,10.0,Yes,Yes,No,No,3-комнатная
118,78.0,46.0,10.0,13.5,10.0,Yes,No,Yes,No,3-комнатная
95,66.0,44.0,10.0,14.5,7.0,No,No,Yes,No,3-комнатная
123,77.0,45.0,10.0,17.0,7.0,Yes,No,Yes,No,3-комнатная
110,70.0,40.0,6.0,12.0,2.0,Yes,Yes,No,No,3-комнатная
113,70.0,50.0,9.0,6.0,10.0,Yes,No,No,No,3-комнатная
109,75.0,45.0,10.0,13.5,5.0,Yes,No,No,No,3-комнатная
125,76.0,45.0,10.0,13.5,10.0,No,No,Yes,No,3-комнатная
130,73.0,41.0,10.0,12.0,5.0,No,No,Yes,No,3-комнатная
140,76.0,44.0,10.0,12.5,5.0,Yes,No,Yes,No,3-комнатная
108,66.0,44.0,9.0,12.0,5.0,Yes,No,Yes,No,3-комнатная
92,66.0,44.0,9.0,11.5,7.0,Yes,No,No,No,3-комнатная
108,66.0,43.0,7.0,17.0,2.0,Yes,No,Yes,No,3-комнатная
135,76.0,50.0,8.0,10.5,15.0,Yes,No,Yes,No,3-комнатная
135,77.0,50.0,8.0,10.5,10.0,No,Yes,Yes,No,3-комнатная
170,75.0,48.0,7.0,7.5,3.0,Yes,Yes,Yes,No,3-комнатная
138,66.0,44.0,9.0,4.5,2.0,Yes,No,Yes,No,3-комнатная
125,77.0,40.0,11.0,13.0,10.0,No,Yes,Yes,No,3-комнатная
120,68.0,47.0,8.0,12.5,5.0,No,No,No,No,3-комнатная
115,69.0,46.0,6.0,12.0,5.0,Yes,Yes,Yes,No,3-комнатная
95,75.0,43.0,11.0,14.5,10.0,No,No,Yes,No,3-комнатная
109,66.0,46.0,8.0,15.5,5.0,Yes,No,Yes,No,3-комнатная
160,77.0,48.0,8.0,12.0,7.0,Yes,Yes,No,No,3-комнатная
95,76.0,45.0,10.0,14.5,10.0,No,No,Yes,No,3-комнатная
110,75.0,53.0,10.0,10.5,15.0,Yes,No,No,No,3-комнатная
130,67.0,46.0,7.0,9.0,5.0,Yes,Yes,Yes,No,3-комнатная
156,70.0,48.0,7.0,9.0,2.0,Yes,Yes,Yes,No,3-комнатная
185,78.0,53.0,8.0,7.5,15.0,Yes,Yes,Yes,No,3-комнатная
185,76.0,43.0,10.0,8.0,10.0,Yes,No,Yes,No,3-комнатная
115,75.0,42.0,8.0,12.0,15.0,No,No,Yes,No,3-комнатная
155,72.0,52.0,7.0,3.0,5.0,No,No,Yes,Yes,3-комнатная
105,66.0,46.0,11.0,12.0,7.0,Yes,No,No,No,3-комнатная
130,72.0,44.0,10.0,6.0,5.0,Yes,No,No,No,3-комнатная
97,76.0,45.0,10.0,12.0,10.0,Yes,Yes,Yes,No,3-комнатная
165,69.0,47.0,7.0,4.5,5.0,No,Yes,Yes,No,3-комнатная
110,77.0,46.0,9.0,15.5,3.0,Yes,No,Yes,No,3-комнатная
113,75.0,45.0,10.0,13.0,10.0,Yes,No,Yes,No,3-комнатная
100,75.0,45.0,10.0,13.0,5.0,No,No,Yes,No,3-комнатная
136,74.0,45.0,10.0,10.0,15.0,Yes,No,No,No,3-комнатная
125,76.0,45.0,10.0,15.5,10.0,No,No,Yes,No,3-комнатная
123,66.0,43.0,8.0,10.0,5.0,Yes,Yes,Yes,No,3-комнатная
129,66.0,44.0,9.0,9.0,15.0,Yes,No,No,No,3-комнатная
104,72.0,48.0,9.0,10.5,10.0,Yes,No,No,No,3-комнатная
145,71.0,43.0,8.0,9.0,5.0,Yes,Yes,No,No,3-комнатная
100,75.0,45.0,10.0,12.0,10.0,Yes,Yes,Yes,No,3-комнатная
135,72.0,45.0,10.0,14.5,2.0,Yes,No,Yes,No,3-комнатная
138,66.0,44.0,14.0,4.5,2.0,Yes,No,Yes,No,3-комнатная
108,66.0,42.0,6.0,3.5,3.0,Yes,Yes,No,Yes,3-комнатная
185,75.0,48.0,10.0,7.0,3.0,Yes,Yes,Yes,No,3-комнатная
110,71.0,43.0,10.0,14.5,20.0,No,No,Yes,No,3-комнатная
112,74.0,44.0,11.0,12.7,10.0,Yes,No,Yes,No,3-комнатная
103,70.0,44.0,10.0,15.5,7.0,Yes,No,Yes,No,3-комнатная
107,67.0,46.0,8.0,13.5,7.0,No,No,Yes,No,3-комнатная
120,75.0,45.0,10.0,14.5,10.0,No,No,Yes,No,3-комнатная
155,77.0,50.0,8.0,8.0,5.0,No,Yes,Yes,No,3-комнатная
138,69.0,45.0,9.0,4.5,5.0,Yes,No,Yes,No,3-комнатная
144,66.0,45.0,8.0,9.0,7.0,Yes,Yes,Yes,No,3-комнатная
105,78.0,54.0,9.0,11.0,10.0,Yes,Yes,Yes,No,3-комнатная
120,68.0,45.0,8.0,10.5,5.0,No,No,Yes,No,3-комнатная
105,68.0,41.0,8.0,17.0,5.0,Yes,No,No,No,3-комнатная
165,74.0,46.0,10.0,5.0,10.0,Yes,No,Yes,No,3-комнатная
110,76.0,45.0,10.0,14.5,10.0,No,No,Yes,No,3-комнатная
132,78.0,46.0,10.0,12.5,12.0,Yes,No,No,No,3-комнатная
105,75.0,42.0,8.0,13.5,10.0,No,No,Yes,No,3-комнатная
92,68.0,44.0,10.0,10.5,10.0,No,No,Yes,No,3-комнатная
140,68.0,47.0,8.0,9.0,5.0,Yes,Yes,Yes,No,3-комнатная
118,74.0,52.0,9.0,7.5,7.0,No,Yes,Yes,No,3-комнатная
112,74.0,52.0,7.0,11.0,5.0,Yes,Yes,No,No,3-комнатная
130,78.0,46.0,11.0,13.5,10.0,Yes,No,Yes,No,3-комнатная
125,77.0,44.0,10.0,14.5,7.0,Yes,No,Yes,No,3-комнатная
82,70.0,40.0,8.0,17.0,7.0,No,No,Yes,No,3-комнатная
158,78.0,51.0,8.0,9.0,7.0,Yes,Yes,Yes,No,3-комнатная
140,75.0,40.0,11.0,13.0,5.0,No,No,Yes,No,3-комнатная
110,67.0,45.0,8.0,13.5,5.0,No,No,Yes,No,3-комнатная
100,77.0,45.0,8.0,12.0,15.0,No,No,No,No,3-комнатная
150,71.0,44.0,9.0,8.0,5.0,Yes,Yes,Yes,No,3-комнатная
90,66.0,43.0,9.0,15.5,10.0,Yes,No,No,No,3-комнатная
130,70.0,45.0,9.0,10.5,15.0,Yes,No,Yes,No,3-комнатная
122,75.0,46.0,11.0,13.5,15.0,Yes,No,Yes,No,3-комнатная
115,74.0,45.0,10.0,12.7,15.0,Yes,No,Yes,No,3-комнатная
110,67.0,41.0,9.0,13.5,10.0,No,No,No,No,3-комнатная
95,72.0,43.0,12.0,12.7,7.0,No,No,No,No,3-комнатная
140,68.0,46.0,7.0,9.0,10.0,Yes,No,Yes,No,3-комнатная
130,76.0,46.0,11.0,13.0,5.0,No,No,Yes,No,3-комнатная
100,72.0,42.0,10.0,14.5,20.0,No,No,No,No,3-комнатная
150,76.0,50.0,8.0,9.0,7.0,Yes,Yes,Yes,No,3-комнатная
110,71.0,44.0,8.0,15.5,7.0,No,No,Yes,No,3-комнатная
150,78.0,46.0,10.0,9.0,10.0,No,No,Yes,No,3-комнатная
125,78.0,45.0,10.0,12.0,7.0,No,No,Yes,No,3-комнатная
114,74.0,44.0,11.0,12.7,10.0,Yes,No,Yes,No,3-комнатная
97,68.0,46.0,8.0,12.0,5.0,Yes,No,Yes,No,3-комнатная
95,72.0,44.0,10.0,12.7,10.0,Yes,No,No,No,3-комнатная
110,75.0,45.0,10.0,12.7,10.0,Yes,No,Yes,No,3-комнатная
108,69.0,36.0,9.0,12.5,5.0,No,No,No,No,3-комнатная
120,77.0,51.0,12.0,4.5,7.0,No,Yes,Yes,No,3-комнатная
105,76.0,40.0,11.0,12.7,5.0,No,No,Yes,No,3-комнатная
95,77.0,45.0,10.0,13.0,5.0,No,No,Yes,No,3-комнатная
128,77.0,47.0,12.0,11.0,7.0,Yes,No,Yes,No,3-комнатная
114,75.0,45.0,10.0,12.7,15.0,No,No,Yes,No,3-комнатная
135,72.0,49.0,8.0,8.0,5.0,No,Yes,Yes,No,3-комнатная
163,73.0,48.0,9.0,7.5,5.0,No,Yes,Yes,No,3-комнатная
85,67.0,46.0,6.0,12.0,15.0,Yes,No,Yes,No,3-комнатная
110,68.0,45.0,6.0,12.5,10.0,Yes,No,Yes,No,3-комнатная
108,76.0,45.0,10.0,12.0,10.0,No,Yes,No,No,3-комнатная
145,74.0,43.0,10.0,12.5,10.0,Yes,No,Yes,No,3-комнатная
105,72.0,43.0,10.0,13.0,10.0,Yes,No,No,No,3-комнатная
107,77.0,46.0,10.0,12.0,10.0,Yes,No,Yes,No,3-комнатная
180,78.0,52.0,8.0,9.0,1.0,Yes,Yes,Yes,No,3-комнатная
110,76.0,50.0,8.0,13.0,10.0,Yes,No,Yes,No,3-комнатная
150,66.0,47.0,9.0,7.0,3.0,Yes,No,Yes,No,3-комнатная
119,66.0,45.0,8.0,7.0,7.0,No,Yes,No,No,3-комнатная
117,70.0,39.0,8.0,12.5,12.0,Yes,Yes,Yes,No,3-комнатная
140,75.0,46.0,9.0,10.5,10.0,No,No,Yes,No,3-комнатная
140,67.0,46.0,8.0,8.0,5.0,Yes,No,No,No,3-комнатная
120,75.0,45.0,10.0,13.5,10.0,No,No,Yes,No,3-комнатная
115,73.0,52.0,9.0,10.5,15.0,Yes,Yes,Yes,No,3-комнатная
107,74.0,45.0,10.0,14.5,15.0,No,No,Yes,No,3-комнатная
150,70.0,50.0,9.0,7.5,7.0,Yes,Yes,Yes,No,3-комнатная
130,77.0,48.0,10.0,17.0,5.0,Yes,No,Yes,No,3-комнатная
110,75.0,44.0,10.0,17.0,5.0,No,No,No,No,3-комнатная
108,76.0,46.0,10.0,12.0,10.0,Yes,No,Yes,No,3-комнатная
125,76.0,47.0,11.0,11.0,7.0,Yes,No,Yes,No,3-комнатная
155,75.0,45.0,10.0,9.0,15.0,Yes,No,Yes,No,3-комнатная
118,75.0,44.0,9.0,7.0,5.0,No,No,Yes,No,3-комнатная
123,74.0,48.0,10.0,12.5,15.0,Yes,No,Yes,No,3-комнатная
108,66.0,43.0,11.0,13.5,10.0,Yes,No,Yes,No,3-комнатная
145,78.0,44.0,10.0,3.5,2.0,Yes,No,Yes,Yes,3-комнатная
115,66.0,40.0,8.0,12.5,5.0,Yes,No,No,No,3-комнатная
150,78.0,50.0,9.0,9.0,5.0,Yes,Yes,Yes,No,3-комнатная
113,77.0,44.0,10.0,9.0,7.0,No,No,Yes,No,3-комнатная
110,73.0,45.0,10.0,15.5,10.0,Yes,No,Yes,No,3-комнатная
105,77.0,40.0,10.0,12.0,15.0,No,No,Yes,No,3-комнатная
130,75.0,45.0,10.0,12.0,10.0,No,No,Yes,No,3-комнатная
108,66.0,43.0,7.0,17.0,5.0,Yes,No,Yes,No,3-комнатная
165,78.0,46.0,18.0,5.0,10.0,Yes,No,Yes,No,3-комнатная
110,68.0,46.0,8.0,13.5,10.0,No,No,Yes,No,3-комнатная
110,75.0,43.0,10.0,13.5,15.0,No,No,Yes,No,3-комнатная
120,75.0,48.0,11.0,3.0,15.0,Yes,Yes,Yes,Yes,3-комнатная
110,74.0,44.0,10.0,13.5,15.0,No,No,Yes,No,3-комнатная
135,74.0,42.0,10.0,7.5,5.0,Yes,Yes,Yes,No,3-комнатная
128,74.0,43.0,10.0,13.5,12.0,Yes,No,Yes,No,3-комнатная
143,74.0,45.0,11.0,11.0,5.0,Yes,No,Yes,No,3-комнатная
105,67.0,45.0,8.0,7.5,5.0,No,No,No,No,3-комнатная
165,75.0,45.0,10.0,12.5,5.0,Yes,No,Yes,No,3-комнатная
125,68.0,48.0,7.0,3.0,15.0,Yes,Yes,Yes,Yes,3-комнатная
108,67.0,45.0,8.0,14.5,5.0,No,No,Yes,No,3-комнатная
97,77.0,47.0,9.0,14.5,10.0,Yes,No,No,No,3-комнатная
138,66.0,44.0,9.5,4.5,3.0,Yes,No,Yes,No,3-комнатная
127,73.0,43.0,11.0,13.0,5.0,Yes,Yes,Yes,No,3-комнатная
162,71.0,49.0,9.0,9.0,10.0,Yes,Yes,Yes,No,3-комнатная
115,77.0,45.0,7.0,9.0,5.0,Yes,No,No,No,3-комнатная
115,74.0,45.0,10.0,13.0,15.0,Yes,No,Yes,No,3-комнатная
120,76.0,45.0,10.0,12.0,10.0,No,No,Yes,No,3-комнатная
133,75.0,48.0,9.0,3.0,12.0,Yes,Yes,No,Yes,3-комнатная
175,70.0,40.0,8.0,3.0,5.0,Yes,Yes,Yes,Yes,3-комнатная
130,68.0,41.0,10.0,10.5,5.0,No,No,Yes,No,3-комнатная
144,76.0,43.0,10.0,13.5,10.0,No,No,Yes,No,3-комнатная
140,75.0,54.0,8.0,12.0,5.0,Yes,Yes,No,No,3-комнатная
105,75.0,45.0,10.0,13.0,10.0,No,No,Yes,No,3-комнатная
170,77.0,52.0,7.0,3.0,15.0,Yes,Yes,Yes,Yes,3-комнатная
127,74.0,53.0,8.0,11.0,10.0,Yes,Yes,Yes,No,3-комнатная
140,76.0,44.0,11.0,13.5,10.0,No,No,Yes,No,3-комнатная
145,75.0,45.0,10.0,7.0,15.0,Yes,No,Yes,No,3-комнатная
98,75.0,50.0,8.0,11.5,5.0,No,No,Yes,No,3-комнатная
113,69.0,47.0,8.0,17.0,3.0,Yes,No,Yes,No,3-комнатная
113,78.0,47.0,10.0,12.0,10.0,Yes,No,Yes,No,3-комнатная
162,78.0,48.0,11.0,6.5,1.0,Yes,Yes,Yes,No,3-комнатная
118,68.0,49.0,11.0,7.5,7.0,Yes,No,No,No,3-комнатная
150,78.0,44.0,10.0,14.5,15.0,Yes,No,Yes,No,3-комнатная
101,66.0,39.0,8.0,17.0,10.0,Yes,No,Yes,No,3-комнатная
153,66.0,43.0,9.0,5.0,10.0,Yes,Yes,Yes,No,3-комнатная
119,77.0,40.0,10.0,12.7,5.0,No,No,Yes,No,3-комнатная
142,77.0,44.0,10.0,7.0,10.0,No,No,Yes,No,3-комнатная
138,77.0,45.0,11.0,10.5,10.0,Yes,No,Yes,No,3-комнатная
115,77.0,45.0,7.0,9.0,15.0,Yes,No,No,No,3-комнатная
103,67.0,43.0,9.0,15.5,7.0,Yes,No,Yes,No,3-комнатная
107,75.0,44.0,10.0,12.7,10.0,Yes,No,Yes,No,3-комнатная
110,78.0,48.0,14.0,12.0,10.0,Yes,No,Yes,No,3-комнатная
109,67.0,45.0,11.0,13.5,5.0,No,No,Yes,No,3-комнатная
120,77.0,48.0,8.0,12.0,15.0,Yes,Yes,Yes,No,3-комнатная
117,78.0,45.0,11.0,13.0,10.0,No,No,Yes,No,3-комнатная
125,77.0,51.0,8.0,6.0,3.0,Yes,Yes,Yes,No,3-комнатная
103,78.0,54.0,11.0,12.0,15.0,Yes,Yes,No,No,3-комнатная
135,76.0,45.0,10.0,6.0,7.0,No,No,Yes,No,3-комнатная
120,78.0,43.0,12.0,14.5,15.0,No,No,Yes,No,3-комнатная
110,74.0,53.0,8.0,11.0,15.0,Yes,Yes,No,No,3-комнатная
85,69.0,48.0,6.0,12.0,10.0,No,No,Yes,No,3-комнатная
120,74.0,53.0,8.0,10.5,10.0,Yes,Yes,Yes,No,3-комнатная
135,75.0,43.0,11.0,12.7,15.0,Yes,No,Yes,No,3-комнатная
141,74.0,43.0,10.0,15.5,10.0,No,No,Yes,No,3-комнатная
100,75.0,45.0,10.0,13.5,5.0,Yes,No,No,No,3-комнатная
108,78.0,47.0,10.0,12.0,3.0,Yes,No,No,No,3-комнатная
131,78.0,46.0,10.0,17.0,5.0,Yes,No,Yes,No,3-комнатная
104,77.0,45.0,10.0,12.7,15.0,Yes,No,No,No,3-комнатная
165,78.0,54.0,8.0,9.0,10.0,Yes,Yes,Yes,No,3-комнатная
139,74.0,52.0,9.0,10.5,7.0,Yes,No,Yes,No,3-комнатная
80,68.0,42.0,8.0,13.5,7.0,Yes,No,No,No,3-комнатная
135,72.0,43.0,9.0,10.5,15.0,Yes,No,No,No,3-комнатная
115,75.0,47.0,8.0,6.5,15.0,Yes,Yes,No,No,3-комнатная
140,77.0,46.0,10.0,8.0,10.0,Yes,No,Yes,No,3-комнатная
104,67.0,43.0,11.0,12.0,15.0,Yes,No,Yes,No,3-комнатная
142,77.0,44.0,10.0,7.0,10.0,No,No,Yes,No,3-комнатная
130,78.0,53.0,9.0,3.5,10.0,Yes,Yes,Yes,Yes,3-комнатная
160,75.0,47.0,10.0,9.0,10.0,Yes,Yes,No,No,3-комнатная
145,76.0,51.0,8.0,3.0,5.0,Yes,Yes,No,Yes,3-комнатная
84,74.0,41.0,12.0,7.0,3.0,Yes,No,Yes,No,3-комнатная
160,72.0,50.0,9.0,7.5,5.0,No,Yes,Yes,No,3-комнатная
123,75.0,45.0,10.0,12.7,10.0,Yes,No,Yes,No,3-комнатная
130,78.0,53.0,13.0,3.5,10.0,Yes,Yes,Yes,Yes,3-комнатная
125,75.0,46.0,10.0,14.5,7.0,No,No,Yes,No,3-комнатная
115,74.0,48.0,11.0,13.0,15.0,Yes,No,Yes,No,3-комнатная
180,71.0,47.0,7.0,7.5,10.0,Yes,Yes,Yes,No,3-комнатная
107,75.0,45.0,9.0,13.0,15.0,Yes,No,Yes,No,3-комнатная
156,70.0,48.0,7.0,9.0,2.0,Yes,No,Yes,No,3-комнатная
113,73.0,52.0,8.0,7.5,5.0,No,Yes,No,No,3-комнатная
115,77.0,44.0,7.0,12.0,10.0,Yes,Yes,Yes,No,3-комнатная
96,76.0,53.0,8.0,6.0,10.0,No,Yes,Yes,No,3-комнатная
155,73.0,49.0,9.0,10.5,15.0,Yes,Yes,Yes,No,3-комнатная
130,77.0,45.0,10.0,12.0,7.0,Yes,No,Yes,No,3-комнатная
133,75.0,52.0,9.0,3.0,15.0,Yes,Yes,No,Yes,3-комнатная
135,70.0,40.0,9.0,15.5,10.0,Yes,No,Yes,No,3-комнатная
110,66.0,43.0,7.0,13.5,15.0,No,No,Yes,No,3-комнатная
167,74.0,43.0,10.0,14.5,7.0,Yes,No,Yes,No,3-комнатная
147,75.0,45.0,10.0,7.0,15.0,Yes,No,Yes,No,3-комнатная
152,73.0,48.0,8.0,3.0,15.0,Yes,Yes,Yes,Yes,3-комнатная
110,75.0,45.0,10.0,12.0,5.0,No,Yes,Yes,No,3-комнатная
130,73.0,47.0,9.0,11.0,10.0,Yes,Yes,Yes,No,3-комнатная
140,73.0,44.0,10.0,10.5,5.0,Yes,Yes,No,No,3-комнатная
95,72.0,43.0,12.0,12.7,7.0,No,No,No,No,3-комнатная
110,74.0,45.0,12.0,12.7,1.0,Yes,No,No,No,3-комнатная
145,69.0,47.0,7.0,3.5,10.0,Yes,Yes,Yes,Yes,3-комнатная
128,68.0,50.0,9.0,12.5,5.0,No,No,Yes,No,3-комнатная
137,77.0,54.0,8.0,3.5,10.0,Yes,Yes,Yes,Yes,3-комнатная
110,76.0,45.0,10.0,14.5,15.0,No,No,Yes,No,3-комнатная
135,78.0,44.0,10.0,15.5,10.0,Yes,Yes,Yes,No,3-комнатная
145,78.0,47.0,8.0,11.0,8.0,Yes,Yes,Yes,No,3-комнатная
99,72.0,43.0,10.0,12.7,10.0,Yes,No,Yes,No,3-комнатная
135,77.0,41.0,11.0,13.0,10.0,Yes,No,Yes,No,3-комнатная
127,78.0,46.0,10.0,17.0,5.0,Yes,No,Yes,No,3-комнатная
145,72.0,50.0,7.0,4.5,5.0,Yes,Yes,No,No,3-комнатная
126,68.0,47.0,8.0,8.0,5.0,No,No,Yes,No,3-комнатная
180,71.0,42.0,8.0,7.0,15.0,No,No,Yes,No,3-комнатная
115,78.0,44.0,10.0,12.0,7.0,Yes,No,Yes,No,3-комнатная
119,74.0,52.0,8.0,10.5,10.0,Yes,Yes,Yes,No,3-комнатная
115,78.0,48.0,10.0,12.0,10.0,No,No,No,No,3-комнатная
180,73.0,46.0,10.0,7.5,3.0,Yes,Yes,Yes,No,3-комнатная
137,76.0,50.0,15.0,11.0,7.0,Yes,Yes,Yes,No,3-комнатная
139,72.0,45.0,9.0,10.5,7.0,Yes,No,Yes,No,3-комнатная
107,76.0,44.0,9.0,13.0,15.0,Yes,No,Yes,No,3-комнатная
147,77.0,44.0,10.0,13.0,2.0,Yes,No,Yes,No,3-комнатная
132,74.0,53.0,7.0,4.5,7.0,Yes,Yes,Yes,No,3-комнатная
108,75.0,54.0,9.0,17.0,5.0,Yes,No,No,No,3-комнатная
112,68.0,41.0,10.0,12.0,10.0,Yes,No,Yes,No,3-комнатная
113,77.0,46.0,10.0,13.0,15.0,Yes,No,Yes,No,3-комнатная
145,75.0,45.0,10.0,7.0,15.0,Yes,No,Yes,No,3-комнатная
118,74.0,44.0,10.0,12.7,4.0,Yes,No,Yes,No,3-комнатная
105,68.0,43.0,9.0,13.5,10.0,Yes,No,Yes,No,3-комнатная
123,75.0,45.0,10.0,12.7,10.0,Yes,No,Yes,No,3-комнатная
96,68.0,45.0,10.0,12.5,15.0,No,No,Yes,No,3-комнатная
112,68.0,44.0,9.0,7.5,7.0,Yes,No,Yes,No,3-комнатная
110,74.0,45.0,10.0,12.0,15.0,No,No,Yes,No,3-комнатная
114,68.0,44.0,8.0,10.5,10.0,Yes,No,Yes,No,3-комнатная
111,75.0,42.0,11.0,14.5,3.0,No,Yes,Yes,No,3-комнатная
130,74.0,50.0,8.0,10.5,5.0,No,Yes,Yes,No,3-комнатная
115,78.0,46.0,10.0,12.7,3.0,Yes,No,Yes,No,3-комнатная
98,70.0,39.0,9.0,11.5,2.0,Yes,No,No,No,3-комнатная
90,72.0,53.0,10.0,11.5,5.0,No,Yes,Yes,No,3-комнатная
130,78.0,51.0,8.0,10.5,10.0,No,Yes,Yes,No,3-комнатная
127,74.0,44.0,8.0,11.0,10.0,Yes,Yes,No,No,3-комнатная
105,75.0,50.0,8.0,6.5,15.0,Yes,Yes,No,No,3-комнатная
165,78.0,52.0,12.0,7.5,5.0,No,No,Yes,No,3-комнатная
95,68.0,45.0,9.0,14.5,10.0,No,No,Yes,No,3-комнатная
115,77.0,46.0,10.0,13.5,10.0,No,No,Yes,No,3-комнатная
116,66.0,47.0,8.0,12.0,10.0,No,No,Yes,No,3-комнатная
150,67.0,39.0,8.0,12.0,5.0,Yes,No,Yes,No,3-комнатная
113,75.0,51.0,9.0,7.5,10.0,Yes,Yes,No,No,3-комнатная
115,74.0,54.0,9.0,11.0,12.0,Yes,Yes,No,No,3-комнатная
135,74.0,48.0,10.0,7.5,3.0,Yes,Yes,No,No,3-комнатная
140,78.0,48.0,11.0,12.7,8.0,Yes,No,Yes,No,3-комнатная
159,75.0,48.0,9.0,8.0,10.0,Yes,Yes,Yes,No,3-комнатная
110,67.0,44.0,9.0,11.5,10.0,No,No,Yes,No,3-комнатная
116,68.0,43.0,8.0,6.5,10.0,Yes,Yes,Yes,No,3-комнатная
120,69.0,45.0,9.0,7.5,5.0,Yes,No,No,No,3-комнатная
125,78.0,44.0,13.0,12.0,5.0,Yes,No,Yes,No,3-комнатная
105,75.0,45.0,10.0,17.0,7.0,No,No,Yes,No,3-комнатная
118,71.0,41.0,8.0,12.0,15.0,No,No,Yes,No,3-комнатная
103,74.0,45.0,8.0,12.0,5.0,Yes,Yes,No,No,3-комнатная
120,67.0,46.0,10.0,9.0,10.0,Yes,No,Yes,No,3-комнатная
140,66.0,43.0,7.0,8.0,10.0,No,No,Yes,No,3-комнатная
145,73.0,50.0,9.0,9.0,7.0,Yes,Yes,No,No,3-комнатная
107,72.0,43.0,10.0,13.0,5.0,No,No,No,No,3-комнатная
95,67.0,45.0,10.0,12.0,10.0,No,No,Yes,No,3-комнатная
73,77.0,45.0,10.0,5.0,7.0,Yes,No,Yes,No,3-комнатная
160,68.0,40.0,9.0,9.0,10.0,Yes,Yes,Yes,No,3-комнатная
97,76.0,44.0,10.0,12.0,10.0,Yes,No,No,No,3-комнатная
110,77.0,46.0,8.0,12.0,12.0,No,No,No,No,3-комнатная
142,78.0,46.0,9.0,10.5,10.0,Yes,Yes,Yes,No,3-комнатная
106,72.0,52.0,9.0,11.5,7.0,No,Yes,Yes,No,3-комнатная
118,72.0,43.0,10.0,12.7,2.0,Yes,No,No,No,3-комнатная
126,74.0,43.0,10.0,12.5,3.0,Yes,No,Yes,No,3-комнатная
155,72.0,53.0,8.0,3.0,10.0,Yes,Yes,Yes,Yes,3-комнатная
112,66.0,44.0,7.0,8.0,20.0,Yes,No,Yes,No,3-комнатная
155,75.0,44.0,10.0,9.0,5.0,No,Yes,Yes,No,3-комнатная
118,75.0,46.0,10.0,17.0,5.0,Yes,No,Yes,No,3-комнатная
100,66.0,44.0,6.0,12.5,10.0,Yes,No,Yes,No,3-комнатная
130,74.0,45.0,10.0,12.0,1.0,Yes,No,Yes,No,3-комнатная
163,72.0,43.0,9.0,7.0,10.0,No,Yes,Yes,No,3-комнатная
90,78.0,45.0,10.0,13.5,10.0,No,No,Yes,No,3-комнатная
103,75.0,45.0,10.0,12.0,5.0,No,Yes,Yes,No,3-комнатная
117,78.0,44.0,10.0,12.0,5.0,Yes,No,Yes,No,3-комнатная
145,74.0,45.0,10.0,15.5,15.0,Yes,No,Yes,No,3-комнатная
164,72.0,48.0,7.0,3.5,5.0,Yes,Yes,Yes,Yes,3-комнатная
130,74.0,48.0,12.0,12.0,15.0,Yes,Yes,Yes,No,3-комнатная
140,66.0,42.0,8.0,7.0,2.0,Yes,Yes,No,No,3-комнатная
110,77.0,40.0,12.0,12.7,15.0,Yes,No,Yes,No,3-комнатная
92,70.0,50.0,6.0,12.0,5.0,No,No,Yes,No,3-комнатная
107,73.0,47.0,9.0,17.0,15.0,No,Yes,No,No,3-комнатная
114,75.0,44.0,10.0,12.7,7.0,Yes,No,Yes,No,3-комнатная
100,76.0,45.0,10.0,12.7,15.0,Yes,No,Yes,No,3-комнатная
131,74.0,43.0,10.0,13.5,15.0,Yes,No,Yes,No,3-комнатная
116,77.0,45.0,18.0,6.0,7.0,No,No,Yes,No,3-комнатная
100,75.0,45.0,9.0,14.5,10.0,No,No,Yes,No,3-комнатная
105,66.0,44.0,7.0,13.5,7.0,Yes,No,Yes,No,3-комнатная
108,66.0,44.0,7.0,17.0,5.0,Yes,No,Yes,No,3-комнатная
114,77.0,45.0,10.0,12.0,10.0,No,No,Yes,No,3-комнатная
130,72.0,44.0,9.0,6.0,5.0,Yes,Yes,Yes,No,3-комнатная
114,76.0,45.0,10.0,12.0,15.0,No,No,Yes,No,3-комнатная
99,75.0,45.0,10.0,14.5,15.0,No,No,Yes,No,3-комнатная
120,67.0,45.0,7.0,13.5,10.0,Yes,No,Yes,No,3-комнатная
106,67.0,45.0,9.0,12.0,7.0,No,No,Yes,No,3-комнатная
120,77.0,45.0,10.0,7.0,10.0,Yes,No,Yes,No,3-комнатная
137,69.0,44.0,10.0,9.0,10.0,Yes,No,Yes,No,3-комнатная
105,66.0,44.0,7.0,13.5,7.0,No,No,Yes,No,3-комнатная
107,69.0,45.0,10.0,12.0,10.0,Yes,No,Yes,No,3-комнатная
150,78.0,54.0,7.0,3.5,15.0,No,Yes,Yes,Yes,3-комнатная
115,68.0,43.0,9.0,6.5,5.0,Yes,No,Yes,No,3-комнатная
125,78.0,38.0,11.0,12.7,10.0,Yes,No,Yes,No,3-комнатная
140,70.0,51.0,8.0,12.5,10.0,Yes,Yes,Yes,No,3-комнатная
135,73.0,53.0,8.0,11.0,15.0,Yes,Yes,Yes,No,3-комнатная
105,73.0,45.0,8.0,11.0,10.0,Yes,No,No,No,3-комнатная
155,73.0,49.0,9.0,10.5,15.0,Yes,Yes,Yes,No,3-комнатная
127,77.0,40.0,11.0,13.0,10.0,No,No,Yes,No,3-комнатная
129,72.0,44.0,10.0,6.0,5.0,Yes,No,No,No,3-комнатная
125,74.0,45.0,10.0,14.5,15.0,No,No,Yes,No,3-комнатная
112,76.0,46.0,10.0,12.0,10.0,No,No,Yes,No,3-комнатная
140,67.0,46.0,9.0,8.0,15.0,Yes,No,Yes,No,3-комнатная
112,66.0,41.0,8.0,17.0,5.0,Yes,No,No,No,3-комнатная
123,70.0,47.0,8.0,12.0,7.0,No,No,Yes,No,3-комнатная
125,77.0,46.0,10.0,13.5,5.0,No,Yes,Yes,No,3-комнатная
128,68.0,44.0,11.0,4.5,12.0,Yes,No,No,No,3-комнатная
98,66.0,44.0,7.0,11.5,10.0,Yes,No,Yes,No,3-комнатная
123,77.0,46.0,10.0,13.0,10.0,Yes,No,Yes,No,3-комнатная
110,77.0,46.0,10.0,12.7,7.0,No,No,Yes,No,3-комнатная
170,75.0,55.0,8.0,9.0,7.0,Yes,Yes,Yes,No,3-комнатная
178,74.0,46.0,9.0,3.0,3.0,Yes,Yes,No,Yes,3-комнатная
112,67.0,38.0,7.0,10.5,10.0,No,Yes,Yes,No,3-комнатная
120,76.0,49.0,9.0,3.0,10.0,Yes,Yes,No,Yes,3-комнатная
160,73.0,41.0,8.0,7.0,5.0,No,No,No,No,3-комнатная
110,74.0,44.0,10.0,13.0,7.0,Yes,No,Yes,No,3-комнатная
179,73.0,47.0,6.0,3.0,10.0,Yes,Yes,Yes,Yes,3-комнатная
150,76.0,45.0,10.0,9.0,5.0,No,No,Yes,No,3-комнатная
120,74.0,51.0,8.0,7.0,5.0,No,Yes,Yes,No,3-комнатная
119,77.0,53.0,8.0,10.5,10.0,Yes,Yes,No,No,3-комнатная
167,74.0,45.0,11.0,5.0,10.0,Yes,No,Yes,No,3-комнатная
132,78.0,46.0,14.0,12.5,12.0,Yes,No,No,No,3-комнатная
110,75.0,45.0,8.0,13.5,10.0,No,No,No,No,3-комнатная
119,68.0,45.0,8.0,6.0,10.0,Yes,No,Yes,No,3-комнатная
99,66.0,41.0,8.0,13.5,15.0,Yes,Yes,Yes,No,3-комнатная
170,68.0,39.0,10.0,4.5,10.0,Yes,Yes,No,No,3-комнатная
100,77.0,50.0,6.0,3.5,3.0,Yes,Yes,Yes,Yes,3-комнатная
115,67.0,42.0,9.0,3.5,7.0,Yes,Yes,Yes,Yes,3-комнатная
127,74.0,45.0,11.0,12.0,10.0,No,No,No,No,3-комнатная
149,77.0,45.0,10.0,13.0,2.0,Yes,No,Yes,No,3-комнатная
115,78.0,46.0,10.0,12.0,15.0,No,No,Yes,No,3-комнатная
145,69.0,43.0,7.0,3.5,3.0,Yes,Yes,Yes,Yes,3-комнатная
150,69.0,46.0,8.0,7.5,7.0,Yes,Yes,Yes,No,3-комнатная
127,74.0,42.0,9.0,12.0,5.0,Yes,No,Yes,No,3-комнатная
94,72.0,46.0,10.0,14.5,9.0,No,No,Yes,No,3-комнатная
110,67.0,49.0,6.0,12.5,10.0,Yes,Yes,No,No,3-комнатная
150,76.0,45.0,10.0,13.5,10.0,Yes,No,Yes,No,3-комнатная
90,67.0,40.0,8.0,12.0,5.0,Yes,No,Yes,No,3-комнатная
117,76.0,43.0,10.0,12.0,5.0,Yes,No,Yes,No,3-комнатная
155,75.0,43.0,8.0,7.0,5.0,No,No,Yes,No,3-комнатная
95,66.0,39.0,8.0,14.5,15.0,Yes,No,Yes,No,3-комнатная
127,76.0,54.0,6.0,9.0,5.0,No,No,No,No,3-комнатная
112,76.0,40.0,11.0,12.7,7.0,No,No,Yes,No,3-комнатная
170,78.0,51.0,9.0,10.5,10.0,Yes,Yes,Yes,No,3-комнатная
160,75.0,44.0,10.0,12.0,5.0,Yes,No,Yes,No,3-комнатная
98,72.0,44.0,7.0,11.5,7.0,Yes,Yes,No,No,3-комнатная
112,72.0,51.0,8.0,6.5,5.0,Yes,Yes,No,No,3-комнатная
105,66.0,40.0,8.0,17.0,5.0,Yes,No,Yes,No,3-комнатная
160,69.0,47.0,8.0,3.0,10.0,Yes,Yes,Yes,Yes,3-комнатная
118,77.0,43.0,11.0,7.0,5.0,No,No,Yes,No,3-комнатная
137,70.0,45.0,8.0,10.5,10.0,Yes,Yes,Yes,No,3-комнатная
115,68.0,46.0,8.0,13.5,10.0,Yes,No,Yes,No,3-комнатная
123,74.0,44.0,12.0,9.0,7.0,No,No,Yes,No,3-комнатная
117,75.0,42.0,10.0,12.0,5.0,Yes,No,Yes,No,3-комнатная
130,72.0,45.0,10.0,11.5,10.0,Yes,No,No,No,3-комнатная
100,76.0,45.0,10.0,12.0,15.0,No,No,Yes,No,3-комнатная
160,77.0,42.0,8.0,6.0,5.0,No,No,Yes,No,3-комнатная
112,72.0,50.0,9.0,17.0,10.0,Yes,Yes,No,No,3-комнатная
105,72.0,52.0,8.0,6.0,15.0,No,Yes,Yes,No,3-комнатная
125,66.0,40.0,10.0,12.0,20.0,Yes,No,Yes,No,3-комнатная
105,78.0,45.0,10.0,13.0,10.0,No,No,Yes,No,3-комнатная
93,70.0,50.0,9.0,12.5,10.0,Yes,No,No,No,3-комнатная
150,68.0,46.0,9.0,12.0,5.0,Yes,Yes,Yes,No,3-комнатная
105,67.0,48.0,8.0,13.5,15.0,Yes,No,Yes,No,3-комнатная
165,76.0,52.0,9.0,8.0,2.0,Yes,Yes,Yes,No,3-комнатная
130,75.0,44.0,10.0,12.5,5.0,Yes,No,Yes,No,3-комнатная
154,75.0,36.0,12.0,7.0,5.0,Yes,No,Yes,No,3-комнатная
115,68.0,46.0,7.0,14.5,15.0,Yes,No,Yes,No,3-комнатная
105,66.0,40.0,8.0,12.5,5.0,Yes,No,Yes,No,3-комнатная
119,78.0,53.0,8.0,10.5,10.0,Yes,Yes,No,No,3-комнатная
160,68.0,44.0,8.0,17.0,5.0,Yes,No,Yes,No,3-комнатная
103,74.0,43.0,10.0,13.0,7.0,No,No,Yes,No,3-комнатная
185,68.0,47.0,8.0,4.5,5.0,Yes,Yes,Yes,No,3-комнатная
114,77.0,45.0,10.0,12.0,10.0,No,No,Yes,No,3-комнатная
104,73.0,44.0,10.0,13.0,5.0,No,No,Yes,No,3-комнатная
91,78.0,45.0,10.0,17.0,10.0,Yes,No,Yes,No,3-комнатная
136,78.0,45.0,10.0,12.0,10.0,Yes,No,No,No,3-комнатная
95,72.0,43.0,12.0,12.7,10.0,No,No,No,No,3-комнатная
142,70.0,45.0,9.0,3.5,3.0,Yes,No,Yes,Yes,3-комнатная
103,74.0,45.0,9.0,13.0,10.0,Yes,No,Yes,No,3-комнатная
88,72.0,51.0,9.0,11.5,10.0,No,Yes,Yes,No,3-комнатная
150,74.0,48.0,12.0,12.0,5.0,Yes,No,Yes,No,3-комнатная
93,70.0,40.0,10.0,12.0,10.0,Yes,No,No,No,3-комнатная
125,75.0,45.0,10.0,13.5,10.0,No,No,Yes,No,3-комнатная
130,78.0,58.0,10.0,14.5,15.0,No,No,Yes,No,3-комнатная
104,67.0,44.0,10.0,11.5,8.0,Yes,No,Yes,No,3-комнатная
105,67.0,45.0,9.0,12.0,7.0,No,No,Yes,No,3-комнатная
119,75.0,46.0,10.0,12.0,7.0,No,No,No,No,3-комнатная
160,77.0,45.0,10.0,12.0,15.0,Yes,No,Yes,No,3-комнатная
145,75.0,53.0,9.0,8.0,15.0,Yes,Yes,Yes,No,3-комнатная
115,76.0,45.0,10.0,12.7,5.0,No,No,Yes,No,3-комнатная
116,75.0,42.0,9.0,13.5,10.0,No,No,Yes,No,3-комнатная
99,74.0,44.0,10.0,12.0,10.0,No,No,No,No,3-комнатная
143,75.0,54.0,10.0,6.5,7.0,Yes,Yes,Yes,No,3-комнатная
121,77.0,46.0,10.0,12.5,10.0,Yes,No,Yes,No,3-комнатная
150,75.0,51.0,8.0,12.0,15.0,Yes,No,No,No,3-комнатная
169,77.0,52.0,8.0,7.0,3.0,Yes,Yes,Yes,No,3-комнатная
125,74.0,46.0,8.5,12.0,5.0,Yes,No,Yes,No,3-комнатная
119,77.0,45.0,10.0,13.0,10.0,No,No,Yes,No,3-комнатная
145,75.0,46.0,10.0,9.0,15.0,Yes,No,Yes,No,3-комнатная
98,68.0,44.0,8.0,10.5,10.0,Yes,No,Yes,No,3-комнатная
130,75.0,45.0,8.0,11.0,10.0,Yes,Yes,Yes,No,3-комнатная
110,76.0,45.0,10.0,12.0,5.0,Yes,No,Yes,No,3-комнатная
95,74.0,45.0,8.0,14.5,5.0,No,Yes,No,No,3-комнатная
114,73.0,44.0,10.0,13.5,10.0,No,No,No,No,3-комнатная
97,72.0,43.0,10.0,12.7,10.0,No,No,Yes,No,3-комнатная
110,77.0,47.0,10.0,13.0,10.0,Yes,No,Yes,No,3-комнатная
110,77.0,45.0,10.0,12.0,5.0,No,No,Yes,No,3-комнатная
129,76.0,48.0,10.0,12.5,5.0,No,No,Yes,No,3-комнатная
140,86.0,51.0,10.0,12.7,10.0,Yes,No,Yes,No,4+ комнат
132,96.0,56.0,12.0,10.5,7.0,No,No,Yes,No,4+ комнат
170,87.0,58.0,8.0,7.5,7.0,Yes,Yes,Yes,No,4+ комнат
175,79.0,50.0,9.0,4.5,1.0,Yes,Yes,No,No,4+ комнат
110,85.0,54.0,10.0,6.0,10.0,No,Yes,Yes,No,4+ комнат
170,84.0,55.0,11.0,3.0,15.0,Yes,Yes,No,Yes,4+ комнат
148,92.0,61.0,10.0,10.5,15.0,Yes,Yes,Yes,No,4+ комнат
135,82.0,46.0,13.0,12.0,5.0,Yes,No,Yes,No,4+ комнат
127,85.0,46.0,14.0,12.0,7.0,Yes,Yes,Yes,No,4+ комнат
120,83.0,56.0,10.0,12.0,15.0,Yes,Yes,Yes,No,4+ комнат
159,81.0,56.0,8.0,7.5,15.0,Yes,Yes,No,No,4+ комнат
129,79.0,46.0,13.0,12.0,15.0,Yes,No,Yes,No,4+ комнат
140,99.0,51.0,12.0,10.5,1.0,Yes,No,No,No,4+ комнат
180,81.0,50.0,11.0,7.5,5.0,Yes,Yes,No,No,4+ комнат
170,89.0,51.0,12.0,12.7,6.0,Yes,No,No,No,4+ комнат
198,80.0,45.0,10.0,7.0,7.0,No,No,Yes,No,4+ комнат
133,80.0,48.0,10.0,10.5,10.0,Yes,No,No,No,4+ комнат
145,85.0,58.0,8.0,12.0,4.0,Yes,Yes,Yes,No,4+ комнат
105,79.0,52.0,10.0,14.5,10.0,No,No,No,No,4+ комнат
110,81.0,45.0,10.0,13.0,12.0,Yes,No,Yes,No,4+ комнат
153,87.0,66.0,9.0,7.5,10.0,Yes,Yes,Yes,No,4+ комнат
139,80.0,48.0,10.0,10.5,15.0,Yes,No,Yes,No,4+ комнат
130,80.0,46.0,10.0,10.5,15.0,Yes,No,Yes,No,4+ комнат
130,86.0,54.0,13.0,6.0,10.0,Yes,No,Yes,No,4+ комнат
130,81.0,56.0,9.0,6.0,7.0,Yes,Yes,Yes,No,4+ комнат
150,87.0,55.0,10.0,12.0,3.0,Yes,No,Yes,No,4+ комнат
129,86.0,55.0,10.0,10.5,10.0,No,No,No,No,4+ комнат
110,83.0,47.0,10.0,17.0,10.0,Yes,No,Yes,No,4+ комнат
190,81.0,46.0,12.0,12.0,5.0,No,No,Yes,No,4+ комнат
152,79.0,53.0,8.0,9.0,3.0,Yes,No,Yes,No,4+ комнат
195,83.0,55.0,10.0,4.5,3.0,Yes,Yes,No,No,4+ комнат
144,80.0,51.0,10.0,13.5,10.0,Yes,No,Yes,No,4+ комнат
120,82.0,44.0,11.0,12.7,12.0,Yes,No,Yes,No,4+ комнат
169,95.0,58.0,14.0,9.0,7.0,No,Yes,Yes,No,4+ комнат
177,80.0,50.0,9.0,4.5,2.0,Yes,No,No,No,4+ комнат
135,84.0,45.0,11.0,12.0,10.0,No,No,Yes,No,4+ комнат
100,80.0,45.0,12.0,12.7,15.0,Yes,No,Yes,No,4+ комнат
114,80.0,45.0,13.0,12.0,7.0,Yes,No,No,No,4+ комнат
113,85.0,46.0,10.0,12.0,15.0,No,No,Yes,No,4+ комнат
108,80.0,52.0,10.0,12.0,10.0,No,No,Yes,No,4+ комнат
110,83.0,47.0,10.0,17.0,10.0,Yes,No,Yes,No,4+ комнат
194,106.0,60.0,17.0,9.0,5.0,No,Yes,Yes,No,4+ комнат
155,85.0,53.0,7.0,4.5,10.0,Yes,No,No,No,4+ комнат
200,122.0,68.0,12.0,10.0,5.0,Yes,No,Yes,No,4+ комнат
100,80.0,51.0,10.0,13.5,10.0,No,No,Yes,No,4+ комнат
99,79.0,62.0,6.0,17.0,2.0,Yes,Yes,No,No,4+ комнат
125,80.0,45.0,13.0,13.0,10.0,No,No,No,No,4+ комнат
195,83.0,55.0,9.0,9.0,3.0,Yes,Yes,Yes,No,4+ комнат
95,82.0,48.0,8.0,13.0,10.0,Yes,No,Yes,No,4+ комнат
92,82.0,48.0,8.0,13.0,12.0,No,No,Yes,No,4+ комнат
156,83.0,55.0,9.0,10.5,10.0,Yes,Yes,Yes,No,4+ комнат
140,85.0,52.0,11.0,9.0,10.0,No,No,Yes,No,4+ комнат
170,80.0,48.0,9.0,14.5,7.0,Yes,Yes,Yes,No,4+ комнат
125,82.0,52.0,12.0,13.5,10.0,No,No,No,No,4+ комнат
145,85.0,54.0,11.0,8.0,10.0,No,Yes,Yes,No,4+ комнат
160,80.0,56.0,9.0,12.0,5.0,Yes,Yes,Yes,No,4+ комнат
195,110.0,55.0,11.0,12.0,1.0,Yes,Yes,Yes,No,4+ комнат
170,81.0,60.0,13.0,13.0,5.0,Yes,No,Yes,No,4+ комнат
160,85.0,56.0,12.0,6.5,10.0,Yes,Yes,Yes,No,4+ комнат
140,87.0,57.0,7.0,10.5,3.0,Yes,Yes,Yes,No,4+ комнат
185,80.0,53.0,9.0,7.5,15.0,Yes,Yes,Yes,No,4+ комнат
120,80.0,50.0,10.0,7.0,7.0,Yes,No,Yes,No,4+ комнат
185,108.0,62.0,12.0,13.5,10.0,No,No,Yes,No,4+ комнат
146,80.0,46.0,10.0,7.5,10.0,Yes,Yes,Yes,No,4+ комнат
193,100.0,56.0,12.0,12.0,10.0,No,Yes,Yes,No,4+ комнат
123,83.0,50.0,11.0,12.7,15.0,Yes,No,Yes,No,4+ комнат
120,82.0,53.0,9.0,11.5,10.0,No,Yes,Yes,No,4+ комнат
123,85.0,51.0,10.0,12.7,3.0,Yes,No,Yes,No,4+ комнат
130,80.0,45.0,13.0,12.0,5.0,No,No,Yes,No,4+ комнат
93,79.0,45.0,10.0,13.0,7.0,No,No,No,No,4+ комнат
127,79.0,45.0,13.0,12.0,3.0,Yes,No,Yes,No,4+ комнат
153,87.0,55.0,10.0,6.5,5.0,No,Yes,Yes,No,4+ комнат
149,84.0,46.0,10.0,13.5,7.0,No,No,Yes,No,4+ комнат
169,80.0,50.0,8.0,10.0,5.0,Yes,Yes,Yes,No,4+ комнат
165,99.0,70.0,9.0,7.5,7.0,No,Yes,Yes,No,4+ комнат
165,87.0,51.0,12.0,12.7,6.0,Yes,No,No,No,4+ комнат
148,84.0,52.0,8.0,6.5,3.0,Yes,Yes,Yes,No,4+ комнат
130,81.0,49.0,9.0,13.0,10.0,No,Yes,Yes,No,4+ комнат
123,79.0,45.0,13.0,9.0,20.0,Yes,No,Yes,No,4+ комнат
120,100.0,63.0,9.0,13.0,7.0,No,No,Yes,No,4+ комнат
190,81.0,51.0,14.0,9.0,3.0,Yes,Yes,Yes,No,4+ комнат
135,85.0,53.0,9.0,10.5,7.0,No,Yes,No,No,4+ комнат
185,90.0,54.0,13.0,7.5,7.0,Yes,Yes,Yes,No,4+ комнат
111,81.0,45.0,9.0,14.5,10.0,No,No,No,No,4+ комнат
165,79.0,53.0,9.0,8.0,15.0,Yes,Yes,Yes,No,4+ комнат
164,90.0,52.0,13.0,10.0,3.0,Yes,Yes,Yes,No,4+ комнат
155,80.0,46.0,13.0,12.0,15.0,Yes,No,No,No,4+ комнат
132,88.0,55.0,14.0,17.0,5.0,Yes,No,Yes,No,4+ комнат
125,81.0,56.0,9.0,6.0,5.0,Yes,Yes,No,No,4+ комнат
145,90.0,55.0,10.0,9.0,7.0,Yes,Yes,No,No,4+ комнат
160,79.0,51.0,12.0,3.0,8.0,Yes,Yes,Yes,Yes,4+ комнат
122,96.0,51.0,12.0,13.5,10.0,No,No,No,No,4+ комнат
150,112.0,64.0,16.0,14.5,5.0,No,No,Yes,No,4+ комнат
140,85.0,50.0,8.0,6.5,2.0,Yes,Yes,Yes,No,4+ комнат
165,89.0,57.0,9.0,7.0,5.0,No,No,Yes,No,4+ комнат
141,113.0,58.0,13.0,13.5,10.0,No,No,Yes,No,4+ комнат
135,79.0,48.0,9.0,10.5,5.0,Yes,Yes,No,No,4+ комнат
135,100.0,50.0,10.0,15.5,10.0,Yes,No,Yes,No,4+ комнат
165,96.0,58.0,14.0,7.0,5.0,No,No,Yes,No,4+ комнат
192,123.0,68.0,16.0,14.5,10.0,No,No,No,No,4+ комнат
133,83.0,46.0,12.0,13.5,10.0,Yes,Yes,Yes,No,4+ комнат
168,84.0,54.0,8.0,7.5,10.0,Yes,Yes,Yes,No,4+ комнат
135,84.0,55.0,11.0,3.0,15.0,Yes,Yes,Yes,Yes,4+ комнат
138,86.0,50.0,10.0,13.5,10.0,Yes,Yes,Yes,No,4+ комнат
115,80.0,48.0,11.0,12.7,5.0,No,No,Yes,No,4+ комнат
117,80.0,44.0,13.0,10.5,10.0,No,No,Yes,No,4+ комнат
154,95.0,51.0,11.0,6.5,3.0,Yes,Yes,Yes,No,4+ комнат
160,114.0,67.0,15.0,14.5,10.0,No,No,Yes,No,4+ комнат
115,85.0,52.0,10.0,12.0,10.0,Yes,No,Yes,No,4+ комнат
112,79.0,45.0,8.0,11.5,2.0,Yes,Yes,Yes,No,4+ комнат
149,94.0,57.0,8.0,10.5,15.0,No,Yes,Yes,No,4+ комнат
170,92.0,62.0,18.0,6.0,7.0,Yes,Yes,Yes,No,4+ комнат
189,86.0,55.0,10.0,9.0,10.0,Yes,Yes,Yes,No,4+ комнат
126,80.0,40.0,14.0,12.0,10.0,No,No,Yes,No,4+ комнат
140,82.0,47.0,11.0,12.5,10.0,Yes,Yes,No,No,4+ комнат
104,84.0,52.0,11.0,13.0,5.0,No,No,Yes,No,4+ комнат
120,80.0,47.0,9.0,13.5,10.0,No,No,Yes,No,4+ комнат
152,81.0,54.0,8.0,7.5,12.0,Yes,Yes,Yes,No,4+ комнат
105,82.0,48.0,8.0,13.0,10.0,No,No,Yes,No,4+ комнат
150,108.0,56.0,15.0,11.0,5.0,Yes,Yes,Yes,No,4+ комнат
109,79.0,45.0,13.0,14.5,5.0,No,Yes,Yes,No,4+ комнат
160,86.0,51.0,8.0,12.0,2.0,Yes,Yes,Yes,No,4+ комнат
190,84.0,55.0,9.0,4.5,5.0,Yes,Yes,Yes,No,4+ комнат
132,84.0,52.0,11.0,12.7,20.0,Yes,No,Yes,No,4+ комнат
170,80.0,45.0,13.0,12.0,10.0,Yes,No,Yes,No,4+ комнат
159,107.0,64.0,13.0,14.5,10.0,No,Yes,Yes,No,4+ комнат
87,90.0,57.0,13.0,14.5,15.0,Yes,Yes,Yes,No,4+ комнат
130,82.0,54.0,8.0,3.5,10.0,Yes,Yes,Yes,Yes,4+ комнат
180,83.0,53.0,8.0,12.0,5.0,Yes,Yes,Yes,No,4+ комнат
118,84.0,48.0,9.0,12.7,5.0,No,No,Yes,No,4+ комнат
157,80.0,48.0,9.0,7.0,5.0,No,No,Yes,No,4+ комнат
140,80.0,51.0,7.0,7.5,7.0,Yes,Yes,Yes,No,4+ комнат
185,80.0,53.0,9.0,7.5,10.0,Yes,Yes,Yes,No,4+ комнат
164,90.0,52.0,13.0,10.0,3.0,Yes,Yes,Yes,No,4+ комнат
135,83.0,53.0,9.0,13.5,10.0,No,No,Yes,No,4+ комнат
185,95.0,57.0,12.0,5.0,5.0,Yes,No,No,No,4+ комнат
175,79.0,47.0,9.0,14.5,7.0,Yes,Yes,Yes,No,4+ комнат
144,80.0,48.0,13.0,15.5,10.0,Yes,No,Yes,No,4+ комнат
205,88.0,59.0,9.0,9.0,10.0,Yes,Yes,No,No,4+ комнат
145,84.0,53.0,10.0,15.5,15.0,Yes,No,Yes,No,4+ комнат
150,86.0,53.0,9.0,11.5,1.0,Yes,No,Yes,No,4+ комнат
135,80.0,45.0,13.0,12.5,5.0,No,No,Yes,No,4+ комнат
150,80.0,48.0,13.0,14.5,10.0,No,No,Yes,No,4+ комнат
143,93.0,57.0,9.0,10.5,5.0,No,Yes,Yes,No,4+ комнат
180,88.0,55.0,11.0,6.0,3.0,Yes,No,Yes,No,4+ комнат
177,103.0,54.0,11.0,9.0,5.0,Yes,No,Yes,No,4+ комнат
119,80.0,51.0,8.0,11.5,15.0,Yes,No,Yes,No,4+ комнат
120,81.0,48.0,8.0,13.0,7.0,Yes,No,Yes,No,4+ комнат
132,88.0,63.0,8.0,8.0,5.0,Yes,Yes,Yes,No,4+ комнат
194,105.0,58.0,11.0,9.0,5.0,Yes,No,Yes,No,4+ комнат
140,80.0,51.0,10.0,13.5,10.0,Yes,Yes,Yes,No,4+ комнат
160,101.0,51.0,15.0,7.0,7.0,Yes,No,Yes,No,4+ комнат
130,83.0,48.0,9.0,12.7,5.0,Yes,No,Yes,No,4+ комнат
120,84.0,45.0,11.0,7.0,10.0,Yes,No,Yes,No,4+ комнат
130,96.0,57.0,9.0,7.5,5.0,No,Yes,Yes,No,4+ комнат
110,86.0,53.0,9.0,10.5,5.0,No,No,No,No,4+ комнат
170,100.0,57.0,10.0,13.5,15.0,No,No,No,No,4+ комнат
105,83.0,48.0,9.0,13.0,15.0,Yes,No,Yes,No,4+ комнат
165,90.0,58.0,11.0,4.5,7.0,No,No,Yes,No,4+ комнат
106,83.0,44.0,10.0,12.0,10.0,No,No,Yes,No,4+ комнат
130,81.0,56.0,9.0,6.0,7.0,Yes,Yes,No,No,4+ комнат
150,97.0,63.0,11.0,10.0,7.0,Yes,No,Yes,No,4+ комнат
150,85.0,61.0,8.0,12.0,7.0,Yes,Yes,Yes,No,4+ комнат
185,108.0,65.0,12.0,13.5,10.0,No,No,Yes,No,4+ комнат
100,79.0,51.0,10.0,13.5,10.0,No,No,Yes,No,4+ комнат
134,83.0,44.0,10.0,13.0,10.0,Yes,No,No,No,4+ комнат
135,82.0,48.0,9.0,10.5,10.0,No,No,No,No,4+ комнат
130,80.0,38.0,11.0,12.7,10.0,Yes,No,Yes,No,4+ комнат
120,80.0,45.0,13.0,12.0,10.0,Yes,No,Yes,No,4+ комнат
126,84.0,56.0,9.0,3.5,4.0,Yes,Yes,Yes,Yes,4+ комнат
152,95.0,62.0,10.0,12.7,5.0,Yes,No,Yes,No,4+ комнат
185,80.0,45.0,13.0,12.0,5.0,No,No,Yes,No,4+ комнат
135,81.0,53.0,8.0,11.5,4.0,Yes,Yes,Yes,No,4+ комнат
114,79.0,45.0,13.0,14.5,7.0,No,No,Yes,No,4+ комнат
168,104.0,60.0,16.0,12.0,10.0,Yes,No,Yes,No,4+ комнат
170,80.0,50.0,8.0,9.0,15.0,No,Yes,Yes,No,4+ комнат
190,87.0,62.0,10.0,4.5,5.0,Yes,Yes,Yes,No,4+ комнат
160,93.0,57.0,12.0,12.7,5.0,Yes,No,Yes,No,4+ комнат
118,83.0,44.0,10.0,12.7,10.0,Yes,No,Yes,No,4+ комнат
165,84.0,57.0,9.0,10.5,7.0,Yes,No,No,No,4+ комнат
160,82.0,54.0,8.0,9.0,7.0,Yes,Yes,Yes,No,4+ комнат
162,90.0,53.0,13.0,10.0,7.0,Yes,Yes,Yes,No,4+ комнат
120,80.0,52.0,14.0,12.0,7.0,Yes,No,Yes,No,4+ комнат
140,83.0,53.0,12.0,12.0,15.0,No,No,Yes,No,4+ комнат
160,98.0,52.0,12.0,10.0,7.0,Yes,No,Yes,No,4+ комнат
165,100.0,54.0,12.0,6.5,3.0,Yes,No,Yes,No,4+ комнат
147,111.0,65.0,16.0,14.5,6.0,No,Yes,Yes,No,4+ комнат
125,90.0,54.0,8.0,12.0,15.0,No,No,Yes,No,4+ комнат
125,80.0,47.0,10.0,12.0,15.0,No,No,Yes,No,4+ комнат
115,84.0,53.0,12.0,12.7,15.0,Yes,No,Yes,No,4+ комнат
162,90.0,61.0,10.0,10.5,3.0,Yes,Yes,Yes,No,4+ комнат
125,80.0,45.0,13.0,12.0,5.0,No,Yes,Yes,No,4+ комнат
134,84.0,52.0,8.0,12.0,7.0,Yes,Yes,Yes,No,4+ комнат
155,85.0,47.0,11.0,12.7,5.0,Yes,No,Yes,No,4+ комнат
108,81.0,48.0,8.0,13.0,15.0,No,No,Yes,No,4+ комнат
160,80.0,51.0,8.0,3.0,10.0,Yes,Yes,Yes,Yes,4+ комнат
113,91.0,52.0,9.0,6.5,10.0,Yes,Yes,Yes,No,4+ комнат
125,83.0,48.0,9.0,12.0,3.0,Yes,No,Yes,No,4+ комнат
167,113.0,64.0,13.0,14.5,5.0,No,Yes,Yes,No,4+ комнат
158,88.0,61.0,9.0,10.5,15.0,Yes,Yes,Yes,No,4+ комнат
151,102.0,70.0,9.0,10.5,12.0,Yes,Yes,Yes,No,4+ комнат
170,102.0,58.0,12.0,13.0,5.0,Yes,No,Yes,No,4+ комнат
180,83.0,53.0,8.0,10.5,5.0,Yes,No,Yes,No,4+ комнат
178,80.0,54.0,9.0,3.0,5.0,Yes,Yes,Yes,Yes,4+ комнат
149,95.0,57.0,8.0,10.5,15.0,No,Yes,Yes,No,4+ комнат
112,79.0,47.0,10.0,17.0,10.0,Yes,No,Yes,No,4+ комнат
113,80.0,48.0,8.0,12.0,10.0,Yes,No,Yes,No,4+ комнат
175,83.0,55.0,9.0,3.0,15.0,Yes,Yes,Yes,Yes,4+ комнат
150,85.0,57.0,10.0,9.0,7.0,Yes,Yes,No,No,4+ комнат
125,83.0,48.0,9.0,12.0,3.0,Yes,No,Yes,No,4+ комнат
113,85.0,53.0,12.0,12.7,10.0,No,No,No,No,4+ комнат
161,108.0,60.0,13.0,14.5,10.0,No,Yes,Yes,No,4+ комнат
145,90.0,52.0,9.0,12.0,15.0,Yes,Yes,No,No,4+ комнат
170,82.0,52.0,15.0,5.0,1.0,Yes,Yes,Yes,No,4+ комнат
163,115.0,66.0,15.0,13.5,10.0,No,No,Yes,No,4+ комнат
115,80.0,48.0,12.0,12.7,5.0,No,No,Yes,No,4+ комнат
89,79.0,52.0,10.0,15.5,10.0,Yes,No,Yes,No,4+ комнат
109,79.0,45.0,13.0,14.5,5.0,No,No,Yes,No,4+ комнат
180,81.0,53.0,9.0,8.0,7.0,Yes,Yes,No,No,4+ комнат
128,83.0,44.0,10.0,7.0,2.0,Yes,No,Yes,No,4+ комнат
127,79.0,46.0,10.0,17.0,5.0,Yes,No,Yes,No,4+ комнат
116,85.0,45.0,10.0,12.0,15.0,No,No,Yes,No,4+ комнат
128,85.0,52.0,10.0,14.5,10.0,No,No,No,No,4+ комнат
150,84.0,48.0,10.0,13.5,10.0,No,No,No,No,4+ комнат
129,99.0,55.0,11.0,10.5,15.0,Yes,No,No,No,4+ комнат
140,82.0,61.0,6.0,3.5,7.0,Yes,Yes,Yes,Yes,4+ комнат
127,82.0,50.0,10.0,10.5,7.0,No,No,No,No,4+ комнат
160,80.0,52.0,9.0,7.5,7.0,Yes,Yes,No,No,4+ комнат
130,79.0,44.0,10.0,13.5,10.0,No,No,Yes,No,4+ комнат
176,104.0,55.0,11.0,9.0,5.0,Yes,No,Yes,No,4+ комнат
156,79.0,54.0,8.0,9.0,10.0,Yes,Yes,Yes,No,4+ комнат
185,79.0,47.0,10.0,3.0,3.0,Yes,Yes,Yes,Yes,4+ комнат
200,88.0,60.0,7.0,3.0,5.0,Yes,Yes,Yes,Yes,4+ комнат
170,106.0,64.0,13.0,12.0,15.0,Yes,No,Yes,No,4+ комнат
170,79.0,50.0,9.0,4.5,2.0,Yes,No,No,No,4+ комнат
200,100.0,60.0,12.0,7.0,7.0,No,No,Yes,No,4+ комнат
138,79.0,47.0,10.0,7.0,10.0,No,No,Yes,No,4+ комнат
133,85.0,50.0,9.0,12.0,10.0,No,No,Yes,No,4+ комнат
135,79.0,45.0,13.0,15.5,7.0,Yes,No,Yes,No,4+ комнат
170,80.0,46.0,10.0,10.0,5.0,Yes,No,No,No,4+ комнат
130,79.0,45.0,10.0,12.0,5.0,Yes,No,Yes,No,4+ комнат
160,80.0,54.0,9.0,9.0,10.0,Yes,Yes,Yes,No,4+ комнат
180,91.0,58.0,8.0,11.0,2.0,No,Yes,Yes,No,4+ комнат
181,86.0,51.0,11.0,10.5,10.0,No,No,No,No,4+ комнат
160,80.0,51.0,13.0,7.5,5.0,Yes,Yes,Yes,No,4+ комнат
145,81.0,43.0,10.0,17.0,3.0,Yes,No,No,No,4+ комнат
100,83.0,53.0,10.0,12.0,15.0,No,No,No,No,4+ комнат
117,85.0,44.0,10.0,12.0,10.0,No,No,Yes,No,4+ комнат
143,80.0,47.0,9.0,12.5,3.0,Yes,No,Yes,No,4+ комнат
117,80.0,53.0,8.0,11.5,10.0,No,Yes,No,No,4+ комнат
124,80.0,51.0,9.0,6.0,10.0,No,Yes,Yes,No,4+ комнат
164,79.0,51.0,9.0,7.0,5.0,No,No,Yes,No,4+ комнат
142,125.0,66.0,19.0,10.5,10.0,Yes,No,Yes,No,4+ комнат
127,81.0,49.0,8.0,12.0,5.0,Yes,No,Yes,No,4+ комнат
119,80.0,45.0,13.0,14.5,5.0,No,No,Yes,No,4+ комнат
131,80.0,46.0,13.0,12.0,7.0,Yes,No,No,No,4+ комнат
119,80.0,48.0,10.0,12.7,12.0,Yes,No,Yes,No,4+ комнат
125,93.0,66.0,9.0,6.0,5.0,Yes,Yes,No,No,4+ комнат
120,80.0,50.0,8.0,10.5,5.0,No,Yes,Yes,No,4+ комнат
169,85.0,45.0,10.0,13.5,10.0,Yes,No,Yes,No,4+ комнат
150,106.0,63.0,12.0,13.5,10.0,No,No,Yes,No,4+ комнат
135,80.0,47.0,9.0,12.0,7.0,No,No,Yes,No,4+ комнат
180,90.0,56.0,11.0,9.0,15.0,Yes,No,No,No,4+ комнат
126,79.0,44.0,13.0,10.5,10.0,No,No,Yes,No,4+ комнат
128,80.0,45.0,13.0,12.0,15.0,Yes,No,Yes,No,4+ комнат
160,98.0,50.0,12.0,10.0,10.0,Yes,No,Yes,No,4+ комнат
130,87.0,57.0,7.0,13.5,7.0,Yes,Yes,No,No,4+ комнат
110,80.0,46.0,10.0,12.0,15.0,No,No,Yes,No,4+ комнат
142,90.0,51.0,12.0,12.0,10.0,No,Yes,Yes,No,4+ комнат
159,109.0,64.0,13.0,14.5,10.0,No,Yes,Yes,No,4+ комнат
109,79.0,45.0,13.0,14.5,7.0,No,Yes,Yes,No,4+ комнат
135,81.0,48.0,8.0,15.5,7.0,Yes,No,Yes,No,4+ комнат
126,80.0,46.0,13.0,14.5,5.0,No,No,Yes,No,4+ комнат
145,80.0,46.0,10.0,3.5,2.0,Yes,No,No,Yes,4+ комнат
129,80.0,48.0,10.0,12.7,7.0,Yes,No,Yes,No,4+ комнат
170,80.0,53.0,9.0,8.0,3.0,Yes,No,Yes,No,4+ комнат
115,80.0,45.0,10.0,13.5,10.0,No,No,Yes,No,4+ комнат
130,83.0,50.0,9.0,6.5,10.0,Yes,No,Yes,No,4+ комнат
160,86.0,56.0,9.0,6.0,2.0,Yes,No,Yes,No,4+ комнат
135,80.0,51.0,13.0,13.5,5.0,No,No,Yes,No,4+ комнат
145,82.0,47.0,10.0,14.5,15.0,Yes,No,Yes,No,4+ комнат
139,86.0,51.0,10.0,10.5,7.0,No,No,Yes,No,4+ комнат
114,93.0,51.0,12.0,10.0,7.0,Yes,No,No,No,4+ комнат
130,82.0,37.0,12.0,6.0,10.0,Yes,No,Yes,No,4+ комнат
127,92.0,50.0,11.0,6.5,10.0,Yes,No,Yes,No,4+ комнат
190,85.0,53.0,12.0,12.0,3.0,Yes,No,No,No,4+ комнат
160,79.0,54.0,9.0,7.0,3.0,Yes,No,Yes,No,4+ комнат
150,92.0,69.0,8.0,4.5,10.0,Yes,Yes,Yes,No,4+ комнат
125,79.0,56.0,8.0,7.5,10.0,Yes,Yes,Yes,No,4+ комнат
108,80.0,48.0,8.0,12.0,10.0,No,No,Yes,No,4+ комнат
129,79.0,47.0,8.0,10.5,15.0,Yes,No,Yes,No,4+ комнат
122,79.0,48.0,10.0,12.7,12.0,Yes,No,Yes,No,4+ комнат
200,90.0,60.0,10.0,12.0,10.0,Yes,Yes,Yes,No,4+ комнат
104,80.0,45.0,13.0,13.0,5.0,No,No,Yes,No,4+ комнат
145,96.0,56.0,9.0,11.0,15.0,Yes,Yes,No,No,4+ комнат
198,110.0,59.0,13.0,14.5,10.0,Yes,No,Yes,No,4+ комнат
145,84.0,53.0,19.0,15.5,15.0,Yes,No,Yes,No,4+ комнат
160,93.0,59.0,6.0,12.5,15.0,Yes,Yes,Yes,No,4+ комнат
171,96.0,50.0,18.0,7.0,5.0,Yes,No,Yes,No,4+ комнат
138,79.0,47.0,10.0,7.0,10.0,Yes,No,Yes,No,4+ комнат
140,81.0,55.0,8.0,9.0,7.0,No,Yes,No,No,4+ комнат
197,101.0,60.0,15.0,7.0,7.0,No,Yes,Yes,No,4+ комнат
143,85.0,52.0,9.0,5.0,8.0,Yes,Yes,Yes,No,4+ комнат
115,80.0,54.0,12.0,12.7,5.0,No,No,Yes,No,4+ комнат
124,96.0,52.0,10.0,13.5,5.0,Yes,No,Yes,No,4+ комнат
143,82.0,45.0,10.0,12.0,10.0,Yes,No,Yes,No,4+ комнат
140,80.0,45.0,13.0,13.5,5.0,No,No,Yes,No,4+ комнат
150,80.0,53.0,8.0,9.0,3.0,Yes,Yes,Yes,No,4+ комнат
130,109.0,51.0,16.0,13.5,10.0,No,Yes,Yes,No,4+ комнат
180,83.0,58.0,10.0,3.0,10.0,Yes,Yes,Yes,Yes,4+ комнат
115,79.0,47.0,11.0,12.0,10.0,Yes,No,Yes,No,4+ комнат
185,90.0,52.0,12.0,6.0,7.0,Yes,No,Yes,No,4+ комнат
190,100.0,50.0,16.0,7.0,10.0,Yes,No,Yes,No,4+ комнат
122,93.0,52.0,14.0,13.5,10.0,Yes,No,Yes,No,4+ комнат
116,82.0,44.0,10.0,12.7,15.0,Yes,No,Yes,No,4+ комнат
100,83.0,48.0,10.0,12.0,15.0,No,No,No,No,4+ комнат
110,80.0,43.0,10.0,12.0,15.0,No,No,Yes,No,4+ комнат
147,80.0,50.0,8.0,7.5,5.0,No,No,Yes,No,4+ комнат
201,82.0,55.0,9.0,13.5,7.0,Yes,No,Yes,No,4+ комнат
145,85.0,52.0,11.0,14.5,5.0,No,No,Yes,No,4+ комнат
189,80.0,52.0,10.0,7.0,1.0,Yes,Yes,Yes,No,4+ комнат
115,81.0,47.0,9.0,12.7,10.0,Yes,No,No,No,4+ комнат
115,80.0,41.0,13.0,12.0,15.0,Yes,No,Yes,No,4+ комнат
152,108.0,56.0,15.0,11.0,5.0,Yes,Yes,Yes,No,4+ комнат
160,92.0,69.0,14.0,4.5,10.0,Yes,Yes,Yes,No,4+ комнат
205,93.0,66.0,9.0,9.0,10.0,Yes,Yes,Yes,No,4+ комнат
75,79.0,47.0,8.0,17.0,10.0,No,No,Yes,No,4+ комнат
155,81.0,44.0,10.0,13.5,10.0,No,No,Yes,No,4+ комнат
140,81.0,50.0,13.0,15.5,2.0,Yes,No,Yes,No,4+ комнат
153,86.0,55.0,10.0,6.5,5.0,No,Yes,Yes,No,4+ комнат
142,84.0,53.0,10.0,15.5,15.0,Yes,No,Yes,No,4+ комнат
127,119.0,68.0,15.0,15.5,10.0,Yes,No,Yes,No,4+ комнат
145,81.0,46.0,10.0,15.5,5.0,Yes,No,Yes,No,4+ комнат
168,105.0,56.0,12.0,9.0,5.0,Yes,No,Yes,No,4+ комнат
175,95.0,48.0,12.0,10.0,2.0,Yes,No,No,No,4+ комнат
160,119.0,68.0,10.0,11.0,7.0,Yes,Yes,No,No,4+ комнат
149,92.0,50.0,14.0,10.0,7.0,Yes,Yes,Yes,No,4+ комнат
135,80.0,48.0,8.0,13.0,7.0,Yes,No,No,No,4+ комнат
125,85.0,46.0,10.0,12.0,5.0,No,No,Yes,No,4+ комнат
135,81.0,44.0,10.0,14.5,7.0,No,No,Yes,No,4+ комнат
170,85.0,50.0,9.0,13.5,9.0,No,Yes,Yes,No,4+ комнат
130,84.0,54.0,8.0,6.5,15.0,Yes,Yes,Yes,No,4+ комнат
140,89.0,51.0,10.0,12.0,3.0,Yes,No,Yes,No,4+ комнат
121,81.0,46.0,8.0,12.0,2.0,Yes,No,Yes,No,4+ комнат
126,119.0,67.0,17.0,15.5,10.0,Yes,No,No,No,4+ комнат
130,83.0,46.0,10.0,10.5,1.0,Yes,No,Yes,No,4+ комнат
151,86.0,54.0,10.0,10.5,5.0,No,No,Yes,No,4+ комнат
150,80.0,44.0,12.0,11.5,5.0,No,No,Yes,No,4+ комнат
114,83.0,46.0,12.0,7.0,10.0,Yes,No,Yes,No,4+ комнат
130,79.0,46.0,10.0,13.0,10.0,No,Yes,Yes,No,4+ комнат
131,84.0,60.0,10.0,9.0,10.0,Yes,No,Yes,No,4+ комнат
126,83.0,50.0,9.0,14.5,15.0,Yes,No,No,No,4+ комнат
155,85.0,47.0,11.0,12.7,5.0,Yes,No,Yes,No,4+ комнат
95,82.0,50.0,10.0,12.0,10.0,No,No,Yes,No,4+ комнат
120,83.0,49.0,9.0,12.0,10.0,No,No,Yes,No,4+ комнат
162,86.0,58.0,9.0,12.0,8.0,Yes,Yes,Yes,No,4+ комнат
128,84.0,53.0,10.0,12.0,5.0,Yes,No,Yes,No,4+ комнат
135,80.0,45.0,10.0,10.5,5.0,No,No,Yes,No,4+ комнат
175,81.0,47.0,10.0,14.5,10.0,No,Yes,Yes,No,4+ комнат
200,101.0,68.0,10.0,11.0,10.0,Yes,Yes,Yes,No,4+ комнат
118,79.0,45.0,13.0,15.5,10.0,Yes,No,Yes,No,4+ комнат
160,80.0,55.0,8.0,8.0,15.0,Yes,Yes,Yes,No,4+ комнат
129,80.0,46.0,10.0,12.0,10.0,No,No,Yes,No,4+ комнат
108,79.0,47.0,8.0,14.5,3.0,No,No,No,No,4+ комнат
190,112.0,55.0,16.0,7.0,10.0,Yes,No,Yes,No,4+ комнат
145,85.0,52.0,11.0,14.5,5.0,No,No,Yes,No,4+ комнат
144,95.0,62.0,11.0,10.0,10.0,Yes,No,Yes,No,4+ комнат
156,90.0,51.0,13.0,10.0,5.0,Yes,No,Yes,No,4+ комнат
117,82.0,44.0,10.0,13.0,2.0,Yes,No,Yes,No,4+ комнат
200,85.0,54.0,14.0,14.5,15.0,Yes,No,Yes,No,4+ комнат
115,86.0,67.0,13.0,13.5,15.0,No,No,Yes,No,4+ комнат
110,79.0,47.0,8.0,14.5,3.0,No,No,No,No,4+ комнат
185,86.0,47.0,8.0,3.0,3.0,Yes,Yes,Yes,Yes,4+ комнат
125,80.0,45.0,11.0,12.0,2.0,Yes,No,Yes,No,4+ комнат
140,84.0,48.0,9.0,12.0,10.0,No,Yes,Yes,No,4+ комнат
122,81.0,46.0,13.0,12.0,15.0,Yes,No,Yes,No,4+ комнат
160,87.0,56.0,9.0,3.0,10.0,Yes,No,Yes,Yes,4+ комнат
133,83.0,45.0,10.0,13.0,10.0,Yes,No,No,No,4+ комнат
98,79.0,48.0,10.0,12.0,10.0,Yes,Yes,Yes,No,4+ комнат
125,83.0,53.0,10.0,5.0,12.0,Yes,No,No,No,4+ комнат
120,80.0,48.0,13.0,12.0,10.0,Yes,No,Yes,No,4+ комнат
145,94.0,50.0,12.0,17.0,10.0,Yes,Yes,Yes,No,4+ комнат
138,86.0,54.0,10.0,6.0,5.0,No,Yes,Yes,No,4+ комнат
144,80.0,48.0,13.0,15.5,10.0,Yes,No,Yes,No,4+ комнат
180,90.0,58.0,8.0,10.5,2.0,Yes,No,Yes,No,4+ комнат
164,101.0,51.0,15.0,12.7,5.0,Yes,No,Yes,No,4+ комнат
132,94.0,60.0,11.0,6.5,3.0,Yes,No,No,No,4+ комнат
132,80.0,54.0,10.0,12.0,10.0,Yes,No,Yes,No,4+ комнат
137,83.0,48.0,12.0,15.5,10.0,Yes,No,Yes,No,4+ комнат
115,79.0,45.0,13.0,13.0,7.0,No,No,Yes,No,4+ комнат
131,79.0,45.0,12.0,14.5,5.0,No,No,Yes,No,4+ комнат
165,90.0,65.0,8.0,6.0,2.0,Yes,Yes,Yes,No,4+ комнат
195,86.0,60.0,10.0,9.0,5.0,No,Yes,Yes,No,4+ комнат
123,81.0,48.0,9.0,12.0,20.0,No,No,No,No,4+ комнат
137,80.0,50.0,12.0,10.5,15.0,Yes,Yes,Yes,No,4+ комнат
160,90.0,60.0,12.0,12.7,1.0,Yes,Yes,Yes,No,4+ комнат
200,113.0,64.0,11.0,13.5,10.0,No,No,Yes,No,4+ комнат
170,79.0,52.0,9.0,9.0,7.0,Yes,No,Yes,No,4+ комнат
113,80.0,46.0,10.0,13.0,10.0,No,No,Yes,No,4+ комнат
124,79.0,44.0,13.0,12.0,10.0,Yes,No,Yes,No,4+ комнат
115,79.0,48.0,9.0,13.0,7.0,Yes,No,Yes,No,4+ комнат
145,88.0,52.0,12.0,6.5,7.0,Yes,Yes,Yes,No,4+ комнат
140,79.0,53.0,8.0,7.0,2.0,Yes,No,No,No,4+ комнат
160,84.0,50.0,9.0,12.7,1.0,Yes,No,Yes,No,4+ комнат
173,80.0,50.0,8.0,6.0,10.0,Yes,Yes,Yes,No,4+ комнат
113,84.0,54.0,10.0,13.0,5.0,No,No,Yes,No,4+ комнат
117,81.0,46.0,10.0,12.5,10.0,Yes,No,Yes,No,4+ комнат
170,86.0,56.0,10.0,12.0,2.0,Yes,No,Yes,No,4+ комнат
142,83.0,45.0,10.0,12.7,15.0,Yes,No,Yes,No,4+ комнат
121,80.0,45.0,13.0,14.5,5.0,No,No,Yes,No,4+ комнат
138,95.0,63.0,9.0,10.0,10.0,Yes,No,Yes,No,4+ комнат
147,80.0,45.0,13.0,4.5,15.0,Yes,No,Yes,No,4+ комнат
176,86.0,54.0,8.0,9.0,10.0,Yes,Yes,Yes,No,4+ комнат
140,82.0,49.0,8.0,13.0,5.0,Yes,No,Yes,No,4+ комнат
155,85.0,49.0,9.0,12.0,5.0,Yes,Yes,Yes,No,4+ комнат
185,91.0,50.0,12.0,10.5,10.0,Yes,No,Yes,No,4+ комнат
122,79.0,45.0,13.0,12.0,10.0,Yes,No,Yes,No,4+ комнат
140,81.0,50.0,7.0,12.0,10.0,Yes,Yes,No,No,4+ комнат
150,81.0,55.0,9.0,9.0,5.0,No,Yes,No,No,4+ комнат
97,80.0,48.0,8.0,13.0,5.0,No,Yes,Yes,No,4+ комнат
169,84.0,62.0,10.0,6.5,1.0,Yes,No,Yes,No,4+ комнат
117,79.0,45.0,13.0,14.5,7.0,No,No,Yes,No,4+ комнат
140,83.0,47.0,9.0,10.5,5.0,No,Yes,Yes,No,4+ комнат
130,81.0,48.0,9.0,13.5,10.0,No,No,Yes,No,4+ комнат
165,82.0,54.0,10.0,6.0,5.0,Yes,Yes,Yes,No,4+ комнат
145,80.0,49.0,11.0,12.5,10.0,No,No,Yes,No,4+ комнат
118,80.0,45.0,13.0,12.0,15.0,Yes,No,Yes,No,4+ комнат
145,80.0,53.0,9.0,6.0,2.0,Yes,Yes,Yes,No,4+ комнат
200,87.0,60.0,15.0,11.5,3.0,Yes,Yes,Yes,No,4+ комнат
170,100.0,57.0,14.0,12.0,10.0,Yes,No,No,No,4+ комнат
115,79.0,46.0,10.0,12.7,10.0,Yes,No,Yes,No,4+ комнат
205,87.0,58.0,9.0,7.5,5.0,Yes,Yes,Yes,No,4+ комнат
110,79.0,46.0,10.0,13.0,5.0,Yes,No,Yes,No,4+ комнат
118,86.0,54.0,10.0,12.0,15.0,Yes,No,Yes,No,4+ комнат
171,90.0,63.0,10.0,10.5,3.0,Yes,No,Yes,No,4+ комнат
121,79.0,45.0,13.0,12.0,7.0,Yes,No,Yes,No,4+ комнат
150,81.0,54.0,9.0,9.0,5.0,No,Yes,No,No,4+ комнат
185,99.0,67.0,9.0,9.0,10.0,Yes,Yes,No,No,4+ комнат
148,90.0,55.0,8.0,13.5,7.0,No,Yes,No,No,4+ комнат
120,80.0,45.0,9.0,12.7,15.0,Yes,No,Yes,No,4+ комнат
170,86.0,59.0,10.0,17.0,10.0,No,Yes,Yes,No,4+ комнат
115,81.0,50.0,8.0,13.0,10.0,Yes,No,Yes,No,4+ комнат
122,96.0,54.0,12.0,13.5,10.0,No,No,No,No,4+ комнат
120,79.0,44.0,10.0,13.0,3.0,Yes,No,Yes,No,4+ комнат
120,80.0,45.0,13.0,12.0,15.0,Yes,No,Yes,No,4+ комнат
108,80.0,48.0,8.0,12.0,10.0,No,No,Yes,No,4+ комнат
151,111.0,64.0,16.0,14.5,10.0,No,Yes,Yes,No,4+ комнат
180,85.0,55.0,10.0,10.5,5.0,Yes,Yes,Yes,No,4+ комнат
92,85.0,53.0,10.0,12.0,15.0,Yes,Yes,No,No,4+ комнат
104,80.0,45.0,13.0,13.0,5.0,No,No,Yes,No,4+ комнат
180,79.0,45.0,10.0,8.0,15.0,Yes,No,Yes,No,4+ комнат
